mymonth,1/1/2010,2/1/2010,3/1/2010,4/1/2010,5/1/2010,6/1/2010,7/1/2010,8/1/2010,9/1/2010,10/1/2010,11/1/2010,12/1/2010,1/1/2011,2/1/2011,3/1/2011,4/1/2011,5/1/2011,6/1/2011,7/1/2011,8/1/2011,9/1/2011,10/1/2011,11/1/2011,12/1/2011,1/1/2012,2/1/2012,3/1/2012,4/1/2012,5/1/2012,6/1/2012,7/1/2012,8/1/2012,9/1/2012,10/1/2012,11/1/2012,12/1/2012,1/1/2013,2/1/2013,3/1/2013,4/1/2013,5/1/2013,6/1/2013,7/1/2013,8/1/2013,9/1/2013,10/1/2013,11/1/2013,12/1/2013,1/1/2014,2/1/2014,3/1/2014,4/1/2014,5/1/2014,6/1/2014,7/1/2014,8/1/2014,9/1/2014,10/1/2014,11/1/2014,12/1/2014,1/1/2015,2/1/2015,3/1/2015,4/1/2015,5/1/2015,6/1/2015,7/1/2015,8/1/2015,9/1/2015,10/1/2015,11/1/2015
obamacare,17,6,98,56,45,70,50,50,93,98,48,48,196,124,254,87,68,95,51,64,63,73,84,27,73,118,571,102,153,768,512,132,137,172,37,63,62,160,566,359,1250,670,2232,1417,2855,2892,2342,1541,1358,1653,1576,1002,510,416,693,337,530,561,507,384,460,584,561,148,218,958,239,153,203,289,281
bill,88,118,672,177,140,149,200,117,188,117,67,164,159,178,357,280,359,335,439,202,349,573,390,497,254,535,574,452,573,655,654,304,427,216,186,280,524,619,649,764,1239,1585,1438,529,867,1310,732,539,1067,1083,956,887,1364,1300,1960,729,799,334,504,1019,1645,2212,1450,1504,1694,1922,2138,647,1017,1724,1452
house,96,132,316,121,184,230,205,131,212,133,187,236,508,349,454,474,552,455,823,256,440,655,539,652,441,601,775,488,650,723,896,414,532,364,421,533,893,1152,1171,801,1128,1437,1646,548,1690,2231,850,622,1237,997,1213,1245,1637,1386,2167,653,1157,595,890,886,2031,1578,1410,1158,1311,1472,1601,468,1439,1796,1045
support,86,94,212,177,176,234,208,279,369,465,183,56,82,84,212,142,188,179,296,148,237,321,345,269,353,389,513,435,564,524,564,427,483,814,527,194,438,490,692,621,738,936,716,392,597,713,768,431,700,788,993,1159,1306,1140,1528,962,1270,1486,1064,584,1054,1083,1237,1264,1359,1474,1637,995,1382,1667,1335
congress,99,145,171,138,135,209,175,176,209,245,166,135,331,122,184,137,177,188,212,130,266,253,426,237,375,354,366,316,358,456,385,262,277,367,390,318,949,581,418,446,491,721,653,576,738,726,326,421,909,656,678,752,895,872,1075,669,959,788,1161,815,2020,1073,1265,1138,994,1192,1374,789,1852,1291,922
president,85,100,101,69,58,84,97,61,80,87,42,36,146,188,152,209,203,236,301,143,419,264,152,153,602,500,310,222,289,342,351,311,399,499,268,250,547,1098,513,499,445,521,689,476,588,614,696,352,1124,962,689,541,445,783,1005,429,927,587,1201,606,1929,1799,765,669,561,650,795,637,814,974,817
vote,56,86,307,102,213,276,258,377,234,743,467,101,158,99,110,140,202,103,297,132,90,193,223,178,144,245,376,267,417,624,611,485,433,902,1096,176,308,307,265,400,484,537,524,317,674,800,469,257,367,409,569,648,1037,847,748,550,799,1666,2108,441,598,695,539,541,568,810,934,1205,967,1091,759
budget,33,134,69,52,102,176,78,30,52,48,23,19,125,404,396,1027,385,320,722,219,160,173,299,133,372,676,637,294,320,76,116,192,155,218,62,61,598,731,1792,931,202,202,157,106,201,406,163,667,163,248,555,791,82,78,146,46,68,99,35,122,177,890,1583,419,263,191,127,131,466,643,223
veterans,7,10,25,37,62,38,47,38,49,86,179,14,17,26,51,34,135,84,100,59,77,110,644,80,66,100,134,118,243,187,195,128,234,164,481,71,63,169,197,240,434,273,256,218,223,621,933,162,173,327,441,351,1102,991,856,617,491,501,1049,221,459,629,626,605,855,620,702,527,577,561,1825
happy,28,19,40,53,57,84,96,35,89,31,136,56,53,52,83,47,115,158,176,77,136,140,320,230,173,190,219,233,307,382,385,179,309,211,412,211,220,322,440,259,522,647,736,313,499,302,736,404,531,592,623,631,732,797,1029,532,902,619,963,632,592,709,925,909,1008,966,1203,765,1068,799,1247
watch,63,65,100,89,128,139,123,95,144,197,77,45,185,156,224,176,288,222,321,112,237,280,308,164,192,324,324,218,272,338,333,254,360,479,210,232,304,598,539,541,779,727,754,298,611,734,559,371,676,675,731,737,844,906,1015,398,707,627,442,500,854,1012,1158,885,829,1106,1274,534,1255,1162,898
senate,76,63,127,72,78,94,116,57,111,118,72,130,68,93,204,197,177,162,345,96,206,388,248,405,336,267,390,291,400,342,340,176,246,191,214,384,642,705,666,449,447,999,806,226,730,1035,539,285,611,429,645,686,806,859,1017,367,702,560,823,657,1096,1028,1011,843,900,900,1014,458,834,907,763
obama,99,120,138,116,83,170,209,88,140,122,76,83,124,157,170,178,189,268,244,205,374,258,183,174,593,503,383,336,376,497,473,401,533,890,368,217,426,755,485,546,541,499,688,487,559,793,573,318,956,797,690,530,493,769,946,506,692,886,1249,674,1459,1262,730,495,499,615,888,710,741,761,934
women,19,30,48,51,53,50,46,60,58,57,52,11,22,56,121,95,129,88,93,87,83,118,141,93,86,304,450,382,544,338,240,410,248,433,206,92,342,437,612,360,395,519,356,277,313,297,373,272,540,468,840,828,771,788,904,895,990,822,486,326,545,363,880,843,879,663,863,977,954,753,597
jobs,86,155,139,127,146,166,287,275,265,261,74,83,186,363,505,410,560,634,552,608,1131,1178,638,386,710,546,718,460,525,753,838,477,646,727,297,177,298,732,612,538,657,736,800,552,552,465,395,318,1117,922,646,819,915,944,1319,816,986,871,519,316,980,767,615,648,792,1158,814,644,596,857,586
americans,40,40,96,57,39,50,63,44,67,61,37,63,63,53,115,88,120,103,167,81,185,119,139,287,146,148,190,146,148,252,269,143,348,146,148,126,150,268,282,316,405,457,502,251,637,588,574,382,956,596,645,705,539,619,676,288,550,506,396,304,676,698,724,627,546,920,1189,727,995,711,569
live,52,67,107,72,103,86,82,66,88,110,55,46,186,105,203,230,234,166,262,112,182,195,197,152,175,252,231,201,227,259,217,213,196,261,174,175,328,498,407,436,606,603,531,321,522,589,455,333,541,478,529,537,668,712,777,268,546,475,403,400,686,734,875,826,720,943,1170,642,1020,946,846
american,28,47,85,55,74,63,68,64,89,66,51,50,80,112,155,126,225,172,175,84,197,222,200,150,215,244,213,158,248,317,312,260,293,246,139,145,184,333,303,335,449,462,407,271,549,512,389,227,449,483,408,628,608,630,607,362,610,462,495,351,864,799,586,778,795,1203,945,693,906,947,818
hearing,32,48,62,70,69,111,79,19,68,17,13,10,54,160,367,133,199,217,209,65,210,267,202,137,73,322,277,197,140,186,240,74,170,81,88,78,149,477,455,566,1062,629,634,197,509,514,425,298,375,459,630,629,532,612,790,106,498,330,220,315,410,957,986,652,424,822,877,216,678,798,434
health,125,151,687,163,88,118,99,79,129,119,43,62,296,173,196,143,119,136,111,109,115,150,140,108,85,300,480,240,243,531,386,242,162,222,98,131,164,269,414,347,567,466,623,548,771,848,971,604,611,541,864,556,495,569,856,467,475,551,401,535,521,735,820,472,544,863,664,636,1000,717,639
week,45,57,94,96,97,110,113,109,137,152,85,38,93,145,164,150,305,190,149,139,172,231,197,154,174,248,291,325,383,266,297,232,241,285,135,127,256,310,378,447,652,613,561,356,372,379,364,265,408,500,615,699,907,519,704,512,661,631,368,340,845,667,745,839,986,673,792,621,739,811,658
families,11,19,46,32,36,37,44,30,65,43,63,39,66,55,98,103,125,69,95,90,99,79,153,172,81,128,176,148,213,195,359,227,311,183,202,393,175,252,373,427,534,332,549,231,524,403,386,289,346,332,398,713,541,604,549,393,584,477,487,523,740,569,726,750,734,839,836,450,645,882,785
students,15,12,20,25,17,19,10,24,40,51,17,12,24,66,99,94,95,70,33,37,56,85,61,44,64,123,151,257,260,168,97,117,157,218,116,56,127,214,302,361,445,512,468,255,184,172,231,188,264,374,517,686,560,613,361,422,560,533,274,229,401,597,784,921,708,580,597,410,597,765,585
deal,9,5,19,7,9,11,8,7,3,12,3,57,13,5,20,76,12,24,108,169,16,13,28,39,12,35,24,16,28,39,34,20,26,47,52,125,159,53,36,44,43,36,63,22,52,258,147,340,84,46,61,44,75,79,108,44,63,85,133,84,90,93,316,470,260,274,1232,879,1242,540,234
morning,102,114,161,163,142,161,148,169,168,254,112,61,130,155,183,207,184,188,225,177,200,224,201,165,225,295,301,310,357,335,319,347,384,502,383,178,373,504,470,526,617,494,514,504,586,452,449,313,466,481,658,634,671,635,684,646,694,889,575,346,539,633,822,692,676,723,779,648,818,704,702
america,45,32,78,47,99,77,100,70,162,89,56,37,64,60,108,114,166,140,162,88,190,155,146,109,145,148,147,137,134,183,237,251,266,275,190,101,145,189,203,205,255,298,448,215,346,312,235,171,376,339,365,373,482,552,723,497,599,395,350,272,575,553,639,527,580,648,870,800,770,635,804
office,22,23,52,44,55,82,52,73,92,102,83,29,112,89,107,94,114,139,125,137,92,105,125,82,159,191,153,178,173,198,212,264,251,350,253,133,348,374,445,359,338,398,412,318,289,351,267,260,383,391,507,438,450,523,693,509,579,537,364,323,598,693,794,684,556,643,767,541,621,613,480
congrats,7,18,24,22,32,35,20,20,31,30,50,25,44,38,66,56,76,68,51,42,64,63,59,75,73,94,137,133,185,201,150,219,133,138,191,130,176,193,256,298,377,403,283,216,249,203,324,251,317,335,485,501,628,652,429,323,423,429,616,354,508,367,661,634,731,670,652,387,481,533,448
tonight,124,141,191,181,149,179,146,171,156,221,101,61,192,93,136,157,138,126,195,191,253,189,184,163,341,260,294,241,270,288,257,409,355,812,295,182,223,599,332,368,380,336,276,400,504,564,385,300,818,474,535,508,547,604,478,486,576,901,570,363,904,462,521,550,484,558,436,560,572,742,673
http,18,19,41,37,34,50,44,36,37,42,17,25,33,39,60,49,88,81,91,37,87,96,83,48,83,95,117,81,104,117,112,96,111,168,95,75,124,218,220,233,241,269,261,179,238,260,234,159,282,346,397,396,519,435,593,525,521,578,389,313,455,591,664,600,530,675,692,512,633,378,2
immigration,2,2,8,37,42,45,80,20,41,19,10,11,11,15,12,24,61,36,23,25,23,41,37,24,52,44,40,65,64,217,32,43,41,46,122,43,247,335,151,478,415,945,621,238,160,261,193,149,221,208,284,235,300,405,559,216,166,163,1069,367,443,463,223,181,253,99,254,186,114,163,304
discuss,19,29,66,47,41,57,47,45,44,36,29,44,84,94,184,115,138,134,197,82,147,138,128,108,139,164,172,161,179,194,153,133,154,177,140,184,252,377,379,339,432,379,376,302,422,417,296,266,333,342,463,452,463,488,591,401,512,411,296,302,518,639,732,657,529,592,783,460,612,729,550
national,45,53,58,77,113,83,73,72,96,88,35,31,50,85,90,96,182,108,117,73,117,123,207,105,140,172,182,206,323,226,194,251,459,270,129,114,180,266,303,346,444,460,283,244,343,379,207,206,242,340,454,450,728,327,380,324,564,511,279,281,412,714,485,572,785,527,581,428,730,750,562
honor,11,6,12,21,55,40,19,22,47,29,51,36,81,36,49,37,154,57,56,39,111,81,180,79,130,85,85,103,231,120,119,87,230,129,196,121,186,184,156,286,434,257,243,217,358,248,416,184,291,271,326,345,643,495,363,251,495,308,482,271,458,370,505,448,907,477,561,368,720,422,723
meeting,92,123,133,100,88,121,116,122,112,140,54,38,89,149,196,155,163,168,80,169,178,136,138,72,179,246,258,238,214,218,221,236,191,234,171,81,267,397,444,398,422,330,443,514,342,293,306,170,363,464,642,581,468,443,449,561,428,447,204,186,389,629,847,771,548,624,617,577,592,484,316
bipartisan,9,24,22,19,10,16,16,4,15,7,7,14,24,16,28,30,57,40,86,42,70,126,156,164,72,79,247,97,144,148,141,51,96,77,67,97,179,302,216,204,237,348,429,155,188,477,266,260,303,209,354,279,390,382,628,252,312,215,265,236,588,546,662,560,448,542,551,204,356,777,450
tax,53,65,85,219,78,78,178,86,275,126,90,298,40,74,153,279,173,137,270,107,255,214,246,714,163,395,292,579,288,464,752,448,280,369,305,645,286,353,427,757,384,316,234,207,181,157,141,139,279,313,270,688,263,269,413,285,280,243,137,213,525,562,477,1017,234,392,300,248,263,239,293
security,24,28,23,27,16,32,35,55,43,85,36,37,50,56,102,49,137,101,136,44,83,115,66,67,85,72,71,99,123,116,112,156,114,216,99,104,122,191,153,222,234,331,266,211,202,193,220,162,315,194,174,189,225,238,302,272,301,321,173,206,607,1041,404,292,351,382,609,431,435,769,684
government,41,42,129,54,60,65,61,72,66,83,19,26,60,121,127,220,83,122,104,63,96,108,85,73,81,121,99,113,95,82,114,85,132,141,49,60,94,181,216,156,244,241,225,149,724,1382,151,137,257,269,234,254,169,195,234,148,219,259,133,166,224,259,321,251,183,259,306,181,528,344,280
service,16,17,29,26,56,30,18,22,44,33,81,31,41,39,60,44,100,64,68,73,134,93,199,111,139,98,104,156,217,156,122,116,236,161,235,152,171,210,220,237,376,281,215,185,284,272,361,224,331,319,299,354,620,369,307,283,521,430,535,288,362,362,476,442,719,485,643,363,551,529,701
debt,75,119,69,53,90,127,136,91,51,67,37,23,81,158,111,230,341,500,1351,423,96,68,224,46,163,143,124,137,115,108,69,102,309,120,97,157,366,317,187,161,183,138,115,52,240,681,47,69,131,308,167,115,157,394,139,181,182,98,45,89,141,180,173,177,114,103,79,166,98,398,181
family,26,27,32,36,39,67,59,81,46,53,108,42,90,33,36,29,73,87,59,63,68,65,115,122,107,90,116,150,132,168,208,169,166,175,250,213,123,167,239,221,227,286,313,223,292,299,462,408,248,228,285,359,366,357,484,387,377,469,597,531,369,432,358,525,561,560,575,528,502,528,715
funding,13,10,28,10,8,15,43,22,25,19,15,7,28,85,107,78,94,52,49,29,66,54,44,48,13,79,53,60,58,78,73,37,50,65,25,42,57,83,118,120,110,126,194,72,171,454,47,73,239,135,135,140,188,172,336,129,211,154,87,234,380,1075,456,318,367,537,490,413,540,441,292
protect,3,10,29,16,37,41,39,34,22,26,24,9,37,32,54,57,80,66,94,45,62,114,90,93,101,96,125,179,164,147,147,96,144,145,97,151,144,261,247,230,225,306,328,187,273,216,230,160,261,300,310,342,401,321,505,285,367,299,194,179,450,517,429,516,563,663,722,442,548,602,428
honored,12,30,25,34,30,26,28,49,52,74,42,21,61,30,36,23,64,53,27,48,63,65,83,48,92,104,146,119,165,133,106,127,193,239,185,94,250,204,203,208,285,194,181,167,181,168,292,178,285,315,418,404,535,405,287,306,528,613,413,231,559,389,488,494,573,440,403,313,508,396,492
trade,3,9,12,12,14,33,21,13,21,23,7,14,23,27,46,33,45,43,38,32,78,238,12,6,21,34,39,22,45,25,45,24,33,51,46,12,19,56,61,64,80,75,66,45,49,66,42,54,121,70,72,73,120,58,69,33,58,55,45,53,200,179,198,410,829,1155,162,120,141,168,100
community,17,31,27,36,26,27,37,59,45,64,13,11,35,53,59,53,94,79,41,93,107,112,92,63,81,121,125,156,201,144,182,210,200,194,109,105,140,206,216,277,280,194,239,300,218,159,214,197,237,277,342,421,397,317,313,454,441,478,266,247,393,402,460,495,543,497,461,651,526,576,447
tcot,341,443,692,633,542,594,535,528,634,751,213,132,245,261,275,286,434,355,354,185,229,232,379,221,236,351,339,335,301,402,267,248,245,265,182,164,270,318,306,247,673,525,308,211,257,245,159,113,291,355,313,278,241,210,838,223,178,219,179,86,197,190,229,134,90,154,411,590,357,358,301
fight,36,39,84,36,41,46,32,46,58,54,48,24,23,34,55,62,68,50,50,35,68,58,59,76,71,91,123,128,164,169,155,137,144,178,80,62,138,123,158,141,143,272,223,131,267,180,137,135,280,259,256,328,373,341,381,214,393,361,275,269,429,393,483,435,440,556,543,601,526,481,525
economy,36,32,44,47,40,45,96,70,120,91,28,37,78,79,85,96,115,219,228,160,214,204,133,126,191,177,167,176,192,264,389,233,269,283,150,127,194,372,261,272,272,334,350,209,314,331,209,184,423,384,356,461,470,447,535,456,533,493,288,251,587,452,337,459,475,467,519,373,382,610,358
debate,31,44,82,85,74,53,38,79,106,288,10,28,40,66,41,70,74,49,164,39,26,54,47,37,45,67,111,75,82,94,109,76,159,1147,44,57,57,57,98,141,102,178,147,92,122,95,44,30,76,92,92,134,202,149,161,98,251,570,93,79,121,202,112,126,161,171,153,387,355,376,357
school,23,22,28,35,42,26,17,48,50,59,43,21,41,53,93,74,96,59,42,48,73,88,80,41,106,116,143,156,167,110,69,145,171,191,155,129,163,224,258,311,332,211,141,254,202,148,250,192,228,391,350,479,499,357,219,377,378,415,263,197,253,421,491,585,513,358,299,472,502,517,365
tune,37,32,84,47,37,69,58,56,65,81,57,58,131,72,104,126,120,104,178,117,132,138,153,139,202,192,182,161,170,211,205,182,200,207,184,198,295,392,373,321,419,409,359,276,464,468,271,239,386,301,342,353,300,394,447,238,357,338,313,257,533,506,501,449,378,483,620,284,502,587,540
floor,14,14,79,33,59,58,37,10,31,1,16,58,159,99,115,119,166,131,237,70,118,169,168,167,108,176,178,112,167,178,215,82,103,17,75,142,200,295,317,319,375,442,422,57,385,484,291,172,309,263,301,289,352,266,460,51,256,12,170,251,618,468,418,331,423,513,542,51,451,443,310
icymi,21,6,34,10,7,10,21,15,15,23,4,6,16,25,41,51,57,51,66,54,58,88,54,49,82,87,90,86,123,126,116,97,102,112,89,91,157,189,217,232,316,269,307,206,260,304,244,227,306,324,362,282,353,391,512,323,405,359,234,244,417,424,460,376,391,464,551,290,388,431,386
law,5,11,46,79,72,75,130,39,51,41,23,32,161,100,150,61,71,64,71,55,54,88,139,75,73,117,332,156,146,361,291,120,93,93,54,93,149,184,310,267,382,352,447,360,330,325,358,244,232,362,494,242,254,385,575,308,361,235,261,278,358,389,485,376,338,552,629,330,302,429,345
federal,27,41,49,43,41,66,79,55,67,64,30,42,86,112,134,132,128,126,115,94,103,104,108,110,80,157,132,138,132,141,208,153,115,136,99,73,140,264,255,237,227,286,294,234,223,471,161,175,322,337,253,320,312,303,435,299,383,306,147,240,319,471,419,452,455,440,744,426,514,555,414
gop,139,301,292,258,294,256,246,221,405,420,257,149,312,326,413,555,529,487,592,235,300,359,277,349,303,412,475,368,439,394,482,384,302,292,288,287,186,421,417,273,423,468,631,245,603,760,249,203,670,441,434,522,513,492,596,356,334,434,512,242,742,846,567,391,393,571,597,603,672,622,418
country,43,36,58,46,72,56,64,61,55,57,68,23,51,37,44,56,98,67,122,50,100,75,128,57,76,95,105,95,161,143,117,151,218,180,213,110,139,176,151,136,283,246,217,143,268,253,318,133,233,224,221,230,467,310,313,242,324,353,408,196,387,277,309,346,508,464,529,428,610,577,597
birthday,7,20,9,7,10,21,33,30,12,23,47,4,11,69,33,11,19,75,55,60,69,95,146,76,58,113,92,68,92,219,138,116,128,88,134,69,76,194,101,84,106,297,319,146,169,108,224,183,200,367,298,192,199,368,484,313,308,287,397,179,206,473,356,260,306,411,514,495,379,457,595
forward,38,60,69,83,63,77,70,83,77,116,73,48,121,98,105,79,105,104,100,132,135,132,101,73,191,184,201,187,181,213,198,215,223,264,277,161,371,383,318,316,359,346,360,319,298,361,286,215,412,297,390,367,399,412,355,337,346,355,409,260,734,460,505,451,401,464,469,381,489,516,381
nation,17,10,28,26,38,34,47,21,38,26,55,28,79,41,45,43,98,77,118,73,104,69,160,63,99,88,82,73,135,116,147,82,167,127,171,104,180,170,142,157,268,250,259,174,292,215,313,142,214,216,192,203,413,285,387,161,361,205,395,178,339,308,368,296,686,394,499,298,534,469,580
dc,29,36,72,60,42,51,34,43,95,27,54,40,83,41,105,80,92,80,78,79,84,101,61,64,85,91,123,128,137,142,133,81,109,110,93,78,191,172,287,262,266,352,326,148,333,392,158,167,280,275,366,319,347,347,394,185,292,219,195,167,417,394,476,449,452,520,618,202,576,394,275
passed,12,15,60,27,39,44,43,31,45,17,15,38,29,44,80,95,91,108,230,43,95,227,155,134,176,136,174,127,152,201,165,84,179,136,71,118,272,395,205,122,226,441,383,128,197,400,168,200,332,231,293,327,466,470,634,174,327,68,200,395,448,379,316,378,430,461,462,123,219,384,325
rep,43,100,152,75,84,93,96,112,237,257,68,60,231,101,168,139,203,151,163,116,188,173,171,118,206,280,262,252,327,315,274,241,258,292,218,118,289,322,325,387,435,463,443,269,404,538,302,285,368,433,444,394,450,422,495,343,404,436,317,211,542,591,513,501,388,446,605,394,422,509,526
agree,12,11,15,17,14,26,16,13,21,23,10,8,24,14,41,39,32,54,66,48,52,44,57,45,73,67,80,70,78,106,138,94,96,144,49,62,95,205,180,207,334,338,384,218,251,269,204,145,313,249,291,298,310,336,497,331,340,310,205,125,342,378,369,353,245,433,587,407,352,376,316
visit,31,40,53,65,56,72,64,83,52,80,48,24,55,69,105,87,106,100,57,119,107,107,92,60,133,131,135,156,178,133,133,199,177,320,155,53,176,229,219,306,303,244,237,331,189,230,257,154,258,273,351,396,394,307,384,485,373,490,227,235,289,433,409,445,398,387,401,491,703,395,355
military,13,17,26,20,42,29,13,11,30,32,26,30,22,33,60,78,149,78,81,41,59,68,92,59,69,62,100,89,265,119,119,109,120,95,86,69,78,135,158,156,488,376,206,219,592,238,290,225,212,239,225,233,441,206,232,226,267,201,193,244,139,278,242,291,508,376,443,265,289,578,378
address,48,17,13,14,15,27,14,8,20,9,14,14,127,36,61,42,107,51,87,31,86,57,44,31,230,71,71,94,70,47,45,58,83,61,79,63,148,338,123,118,144,138,139,98,134,146,196,79,645,183,169,120,189,188,246,259,276,169,139,149,607,243,447,242,214,207,209,186,749,261,184
county,60,156,159,173,117,107,137,172,165,222,71,41,19,94,95,87,75,83,72,169,168,127,123,65,220,284,290,252,226,214,277,358,237,412,243,69,156,223,261,275,304,247,294,484,285,182,239,180,308,365,482,403,394,343,466,581,428,640,284,165,237,394,427,396,397,390,378,529,349,452,299
plan,22,34,78,40,33,59,57,68,85,54,29,21,47,60,135,188,300,354,662,130,347,273,143,100,104,174,220,148,157,122,209,278,196,284,95,192,151,342,354,219,168,281,339,176,297,420,488,243,211,186,218,183,171,270,461,345,461,324,315,200,470,324,318,204,248,353,310,319,320,398,597
student,4,5,10,11,9,10,3,6,9,24,4,4,3,16,38,22,28,28,12,13,16,36,13,14,30,45,73,279,227,202,47,34,53,82,26,16,25,49,64,126,283,756,614,107,48,40,44,58,72,86,149,165,217,411,135,166,248,150,66,44,102,197,277,406,281,142,189,243,172,198,185
reform,44,67,238,113,85,124,135,31,72,49,20,32,94,64,103,74,92,95,95,55,99,101,111,161,72,133,162,144,113,188,201,132,99,69,175,105,269,298,269,442,354,549,554,286,316,338,317,224,284,341,387,316,382,469,507,206,177,181,348,156,306,271,361,348,287,370,501,207,247,460,311
sen,33,61,63,66,63,88,57,68,49,106,59,59,152,157,214,191,174,99,95,69,81,100,73,73,138,138,138,103,158,144,154,135,164,217,151,197,194,270,240,200,215,235,205,148,221,228,203,116,193,236,329,390,469,466,569,410,456,446,416,310,437,435,422,423,372,426,430,365,389,398,284
rights,7,9,15,19,17,37,19,21,17,19,10,9,31,45,47,45,44,53,42,32,50,63,35,61,66,76,105,60,97,59,102,87,55,72,52,53,101,137,186,179,137,350,223,154,90,78,140,131,179,196,218,150,197,485,465,145,180,164,88,139,221,267,564,307,248,382,427,625,293,214,266
nuclear,3,22,9,20,11,8,5,3,2,4,2,5,2,2,67,20,17,16,8,6,6,10,16,23,14,49,37,43,105,58,39,65,61,44,14,23,60,104,86,85,92,100,128,48,42,60,161,103,117,109,74,69,87,82,129,63,82,98,143,81,108,139,399,421,325,188,710,480,629,131,94
energy,11,32,39,62,48,61,67,41,43,65,30,56,44,69,294,186,469,227,174,90,125,120,131,75,217,298,443,275,317,312,218,235,204,283,132,91,166,266,222,253,254,527,334,179,184,128,259,120,252,242,378,354,300,585,332,234,394,352,317,144,445,379,278,400,380,354,318,375,299,359,304
stand,4,9,46,20,20,30,25,33,39,35,20,15,13,35,42,38,47,33,54,17,47,46,28,45,51,77,113,79,88,118,111,99,101,164,96,63,94,110,131,127,171,213,204,129,191,155,102,90,186,203,298,213,268,236,333,184,335,341,230,121,320,238,391,319,301,297,492,340,507,472,476
news,94,104,179,106,129,118,115,102,114,150,75,78,116,105,132,152,163,136,180,131,145,163,148,154,182,234,210,231,199,258,264,195,197,266,176,184,246,254,251,297,406,315,355,267,298,317,258,196,315,331,305,363,366,385,507,310,366,448,308,395,445,477,387,424,403,543,537,436,513,584,441
election,35,32,28,29,71,48,58,116,98,188,195,8,6,3,7,11,13,10,14,6,14,15,50,22,30,40,78,71,126,130,98,211,176,383,506,35,41,26,44,57,36,77,30,33,27,44,70,39,36,45,83,64,173,153,133,189,217,615,747,71,50,40,74,70,65,60,49,65,47,188,193
tomorrow,51,94,113,107,108,115,106,127,143,215,110,29,142,80,155,113,141,115,116,127,145,162,160,94,200,228,220,272,226,263,259,257,256,376,318,104,262,288,290,345,352,330,318,315,351,291,274,211,311,327,398,362,393,399,457,382,457,468,605,235,401,343,422,424,349,373,391,400,485,441,457
pass,12,30,92,14,17,57,30,16,19,26,14,22,17,17,66,56,33,43,116,40,92,145,120,136,81,104,143,92,124,143,175,57,79,63,56,102,290,229,133,117,134,239,194,103,288,282,166,141,172,156,214,239,190,336,360,266,415,300,284,237,317,582,269,404,350,430,397,248,330,328,237
legislation,20,23,63,30,29,41,63,26,29,11,8,31,31,51,83,44,88,73,102,52,79,94,89,92,120,113,117,134,79,101,110,43,53,48,28,71,132,156,180,206,197,241,242,111,135,149,127,109,188,257,256,224,251,270,418,146,246,123,143,217,476,408,357,450,379,355,510,212,292,408,311
campaign,192,247,209,184,214,272,215,249,271,350,71,10,15,12,25,32,30,49,35,35,100,109,94,118,224,277,258,275,313,290,290,343,276,397,199,42,59,102,93,88,79,110,102,100,125,127,116,125,198,250,325,396,356,360,352,325,416,571,223,71,123,79,130,218,291,306,245,246,292,474,273
yesterday,39,54,66,68,59,75,69,104,85,82,38,34,81,67,108,102,150,128,120,123,106,126,128,79,120,136,147,163,191,197,190,230,165,197,120,88,201,257,271,250,359,277,309,252,256,248,255,166,218,287,324,378,341,368,423,390,355,424,208,185,295,422,425,423,401,355,434,352,391,464,314
access,5,6,15,10,3,12,17,4,19,9,3,4,15,13,28,21,27,31,20,18,32,36,51,29,46,58,99,55,53,83,89,47,36,62,19,26,32,77,107,76,81,112,119,62,97,112,124,150,166,141,209,108,189,380,508,381,190,186,107,114,231,272,409,244,277,427,393,286,318,299,248
glad,23,20,20,10,16,11,16,15,13,19,19,16,30,36,52,51,55,45,37,70,35,72,57,64,62,89,104,82,80,90,103,86,72,91,53,54,133,145,174,161,185,193,236,161,161,169,145,94,217,236,266,239,274,257,247,290,276,267,218,195,318,315,341,373,335,413,487,344,387,412,286
team,30,38,74,76,90,113,84,127,73,104,53,21,16,11,38,30,64,38,48,45,48,62,43,41,74,99,123,106,136,161,276,319,186,252,134,47,75,93,130,119,149,129,100,128,104,104,124,118,161,324,298,302,285,508,410,361,265,433,292,167,189,224,322,311,262,351,468,331,279,348,271
meet,44,52,90,99,68,75,50,70,70,144,27,5,32,44,59,45,68,59,36,55,65,82,62,47,105,128,145,163,146,116,122,140,185,160,115,51,124,166,239,228,186,235,201,209,158,147,199,117,192,229,355,375,356,290,310,281,298,347,157,119,243,355,450,457,368,438,414,318,413,383,234
congressional,31,44,40,42,51,59,51,40,58,73,62,24,68,28,82,70,114,109,109,39,77,77,104,85,85,161,160,169,167,171,111,80,127,114,113,60,172,159,234,329,303,314,185,210,215,158,142,110,178,231,343,442,410,426,237,171,260,222,151,124,260,323,412,570,416,454,265,188,198,251,236
insurance,4,21,61,27,8,30,30,8,16,23,10,7,34,15,46,11,20,12,21,33,25,21,56,44,13,32,85,22,39,116,73,40,35,38,23,21,43,33,101,75,166,102,170,159,323,479,533,299,544,213,492,203,135,93,117,41,76,91,102,197,148,162,195,77,64,139,77,70,75,130,96
leadership,15,18,39,25,28,28,24,17,33,25,35,16,15,26,51,39,55,43,95,29,61,40,32,44,70,72,71,84,79,88,73,85,116,115,98,77,98,154,113,134,125,159,171,96,139,169,117,95,181,200,234,243,303,267,234,183,314,313,290,171,268,267,288,350,264,418,376,249,409,558,361
committee,18,36,64,42,59,41,51,15,42,25,26,70,67,117,166,96,126,96,120,65,129,213,298,82,65,160,152,106,105,146,143,61,60,50,95,146,215,233,245,171,378,268,247,123,195,205,176,94,169,190,240,286,627,242,343,65,188,101,209,253,385,332,305,318,225,337,318,99,265,535,310
issues,12,22,25,32,19,28,35,42,42,62,20,12,41,48,80,61,86,62,48,59,66,74,51,46,113,106,113,156,102,84,101,116,133,181,83,59,129,206,197,168,187,196,196,217,165,170,150,104,228,208,268,295,317,282,336,313,294,374,176,152,342,344,346,392,371,328,341,400,424,393,247
joining,8,7,16,15,21,18,10,22,20,21,14,9,20,14,29,31,26,30,34,28,37,41,33,37,52,54,76,72,82,94,73,69,73,97,94,84,126,156,172,138,204,222,184,161,239,300,170,160,236,222,234,235,254,215,264,209,231,280,197,168,288,293,326,309,297,341,510,221,358,393,343
joined,5,13,26,12,27,19,22,14,23,31,11,6,22,16,39,34,47,50,41,33,40,58,65,32,63,72,86,61,81,85,100,76,78,97,105,82,115,188,163,181,217,196,202,173,202,234,179,146,196,204,241,249,276,257,289,210,285,292,191,142,326,351,420,327,341,335,400,274,301,395,332
staff,49,44,35,48,26,34,24,43,56,136,23,18,62,43,40,38,53,80,49,70,47,65,60,44,94,93,106,90,66,106,103,96,122,167,87,68,132,200,209,209,236,219,240,304,211,368,177,150,204,218,360,300,304,321,380,282,286,329,205,147,255,285,352,347,353,345,365,347,307,341,305
hear,16,21,37,26,24,32,34,31,33,28,17,15,56,45,57,43,59,55,67,68,73,90,72,55,130,94,104,77,87,77,101,107,86,120,53,82,109,235,134,182,164,172,168,149,186,208,180,117,385,186,197,203,209,202,235,223,267,259,260,216,485,304,365,282,242,313,378,370,473,347,304
job,27,45,59,56,63,75,96,86,75,77,42,31,77,120,166,101,181,262,249,286,344,342,217,199,180,170,208,235,247,244,294,297,244,298,128,69,163,279,231,306,289,277,288,298,260,296,233,163,421,349,276,415,351,322,501,385,339,433,211,202,384,361,289,342,259,423,368,307,288,448,276
workers,5,5,13,5,18,29,35,21,42,29,17,3,11,63,45,27,24,35,38,35,78,86,46,45,53,70,53,51,59,59,92,54,97,110,68,29,44,108,116,123,145,136,223,121,161,256,102,71,187,395,178,317,209,168,290,218,319,345,140,200,308,216,262,330,263,452,371,259,316,350,203
education,11,10,17,18,14,10,19,36,48,56,18,11,34,47,71,44,71,54,39,49,67,78,29,32,69,104,88,110,115,78,69,77,104,158,62,23,59,152,113,122,164,196,250,137,99,82,135,85,204,181,180,263,279,218,314,330,287,271,118,114,304,413,293,301,318,245,533,234,245,354,336
local,26,23,22,29,24,62,53,79,51,58,19,17,35,54,72,52,70,81,53,99,80,98,103,62,85,106,108,112,139,129,150,146,140,204,146,43,105,161,145,248,237,192,221,243,167,171,251,138,215,214,271,274,277,246,286,385,289,417,285,159,217,358,306,346,352,292,382,438,290,317,417
town,27,56,60,55,78,58,57,116,35,77,21,8,59,88,153,192,140,82,87,244,155,117,136,50,174,120,121,147,131,120,131,161,73,101,56,43,193,218,197,240,225,289,239,551,261,104,192,123,387,202,243,217,183,179,229,499,244,210,115,93,170,309,250,269,245,270,262,610,281,295,239
pay,7,10,32,37,38,28,27,20,28,24,25,15,15,20,42,124,68,37,99,43,65,64,36,58,59,93,89,203,91,102,83,85,112,130,46,67,318,167,127,260,185,271,128,66,189,482,89,104,225,233,149,493,199,320,214,190,222,238,105,111,267,282,179,514,161,313,246,160,179,288,167
washington,49,70,100,64,81,99,110,112,114,112,79,40,71,77,97,133,129,129,185,107,129,118,128,121,137,154,159,110,131,155,133,131,146,157,132,106,269,288,339,222,274,268,292,321,365,352,209,171,270,308,330,325,292,304,363,219,268,374,251,186,387,381,342,404,353,365,463,412,443,379,304
hall,27,56,59,64,70,44,50,120,23,72,25,7,55,87,166,181,139,87,98,248,159,120,150,56,153,116,133,160,143,123,129,170,77,106,71,44,166,235,203,246,233,295,222,555,282,171,204,117,402,209,255,231,146,155,214,463,221,210,139,89,212,337,290,284,247,282,249,567,270,308,281
call,26,26,71,58,63,59,84,72,69,101,65,18,38,57,98,67,89,64,95,84,81,72,102,66,77,98,94,94,109,163,137,148,130,249,205,90,107,181,152,168,199,210,202,163,256,273,180,152,212,209,251,229,266,314,366,222,275,310,244,175,301,266,272,269,289,371,584,319,413,413,392
safe,8,14,9,12,28,13,30,10,17,15,19,23,10,30,39,16,61,22,50,62,35,31,44,33,33,12,42,43,88,49,103,52,75,163,78,60,67,97,78,139,176,123,222,73,114,354,174,156,186,139,120,171,207,149,259,125,204,228,205,172,249,284,163,176,300,265,419,172,317,369,576
congratulations,23,8,19,13,23,38,11,32,19,25,57,31,45,23,41,32,84,47,38,34,72,83,76,63,61,66,92,109,150,126,102,159,100,85,155,105,149,94,141,144,203,237,137,117,113,135,166,159,183,172,223,220,361,341,205,146,187,200,443,199,262,186,320,351,469,374,377,179,281,357,285
amendment,17,14,25,15,66,65,23,24,13,13,13,7,39,95,62,47,77,99,280,50,83,59,329,89,33,91,106,55,166,149,90,37,43,42,47,44,99,95,197,183,228,510,388,114,132,87,63,57,85,116,93,145,293,297,276,69,149,52,22,71,255,147,298,238,256,440,425,208,84,109,128
hope,52,42,61,64,49,70,91,127,89,149,74,30,80,58,76,85,59,106,94,118,103,98,104,81,129,118,139,169,134,169,197,167,161,171,162,134,172,231,221,198,246,218,296,229,230,231,220,196,296,244,230,288,308,287,356,286,328,355,297,232,371,298,345,388,367,397,463,352,495,351,337
continue,13,14,20,16,16,41,28,27,30,138,39,16,40,45,58,51,74,45,82,69,60,61,57,51,66,94,69,81,103,122,76,80,100,123,113,71,105,110,123,141,180,183,221,142,217,238,168,159,236,218,183,236,222,323,312,201,305,234,284,178,355,272,305,300,339,360,374,328,395,391,320
check,57,86,148,103,105,142,149,143,216,244,80,63,120,125,151,119,167,195,146,107,156,144,144,118,187,190,209,229,217,229,234,244,231,383,167,87,243,341,343,360,311,417,444,336,316,279,277,199,357,323,340,346,399,347,419,328,358,532,221,197,364,407,335,356,303,311,445,335,356,344,283
program,22,23,25,27,32,36,26,32,37,35,13,17,21,39,95,50,59,70,78,41,68,87,64,44,66,75,74,110,106,134,141,114,96,74,71,59,67,133,245,320,194,232,194,141,141,161,165,118,183,161,166,179,148,151,243,234,245,217,145,193,174,267,398,286,344,390,390,321,345,358,431
action,7,11,18,16,10,23,19,24,24,26,9,11,11,20,39,21,61,47,32,29,71,57,44,46,51,66,67,63,73,87,58,113,93,70,34,64,104,106,71,92,94,168,123,173,311,111,73,63,239,171,222,196,297,333,335,180,316,168,529,221,272,253,172,207,194,220,269,171,229,293,316
speaking,35,41,77,64,100,74,43,56,63,111,24,17,37,56,80,77,95,75,84,83,115,134,122,55,116,161,159,159,152,157,129,189,213,207,118,63,146,221,266,252,328,282,217,207,239,246,196,126,224,247,311,311,340,260,319,206,314,358,147,143,265,360,383,367,341,362,373,265,392,363,259
tour,24,22,14,23,31,54,72,85,38,196,19,15,20,39,34,52,54,91,21,111,48,60,39,21,66,62,69,77,124,75,74,170,79,203,108,21,86,106,150,156,195,112,133,311,87,94,106,61,100,119,150,217,246,243,196,423,199,557,167,64,75,133,177,274,223,215,220,505,246,237,153
speaker,6,8,43,7,13,22,9,21,23,23,57,11,74,29,32,22,24,11,48,20,21,16,32,25,20,34,17,14,34,30,19,22,24,15,34,61,48,34,32,48,47,45,27,30,54,183,48,25,66,48,55,97,73,54,74,45,49,57,50,29,233,74,50,48,75,52,160,87,262,872,96
statement,20,29,41,20,36,55,45,21,46,47,24,30,70,59,75,105,163,91,115,76,120,98,76,98,119,102,89,64,76,195,75,68,106,72,57,84,179,162,169,154,166,187,202,113,269,271,159,138,234,199,157,173,262,247,265,146,271,125,277,232,342,347,373,221,233,403,402,186,377,405,372
sign,25,26,59,56,49,50,62,78,73,96,27,14,14,34,48,53,51,60,55,42,51,68,90,68,93,103,114,96,126,126,180,177,144,197,119,66,115,106,234,101,135,168,164,182,132,234,179,150,220,299,477,326,344,290,393,315,298,310,190,211,223,384,262,188,215,177,228,188,233,342,268
capitol,10,17,54,21,12,24,11,7,16,14,34,11,32,13,69,31,46,49,44,36,43,32,50,54,45,69,93,67,55,56,54,14,80,23,68,60,113,158,245,202,156,223,175,55,153,511,84,130,109,107,202,187,203,183,204,56,131,78,136,122,243,216,285,313,301,333,403,57,312,172,149
future,13,13,19,22,29,21,30,19,32,38,31,10,40,50,82,72,86,53,97,35,72,71,65,32,68,72,119,100,117,110,77,116,110,146,117,75,121,149,171,156,173,182,184,128,111,151,116,116,141,195,184,235,230,248,231,235,211,273,183,168,238,259,306,347,368,340,405,296,337,422,275
enjoyed,23,27,38,46,38,41,42,45,41,37,11,11,23,38,49,50,35,63,28,53,53,75,61,36,83,100,99,111,114,96,102,134,101,167,82,34,132,151,173,195,187,172,175,235,175,115,183,121,152,228,275,274,248,225,252,357,255,360,156,123,192,293,347,349,315,324,274,363,278,266,223
leaders,21,36,25,30,20,29,35,29,47,53,18,12,18,39,37,48,43,43,45,49,59,75,55,46,63,94,86,83,128,86,78,104,97,114,74,79,105,162,168,172,153,140,180,148,135,160,139,129,164,217,253,225,271,270,242,273,255,267,183,103,204,326,358,354,323,297,333,285,345,313,263
prayers,25,3,6,8,10,6,6,14,22,12,8,11,93,11,63,57,45,15,27,68,31,8,20,22,63,39,49,29,20,34,187,90,129,96,45,230,47,46,60,407,301,115,171,58,307,184,143,128,93,52,113,367,148,118,180,116,103,123,114,106,172,183,134,168,304,278,305,229,137,278,396
public,23,27,31,25,36,33,35,34,35,43,17,25,46,50,88,52,71,68,54,65,82,77,66,59,74,114,103,80,89,107,108,63,81,147,68,65,101,146,207,202,223,219,180,145,188,173,141,104,173,220,190,189,260,211,236,168,335,342,165,163,243,332,300,301,312,371,336,244,305,374,290
night,81,81,138,93,92,112,108,131,90,105,76,50,59,56,63,77,81,98,98,91,114,117,113,94,145,180,163,132,146,169,160,250,247,330,192,84,128,273,170,168,211,216,181,232,226,298,221,148,302,233,275,274,328,295,336,337,396,454,317,227,346,234,281,295,314,363,304,278,338,402,295
memorial,3,2,4,5,114,26,5,5,13,12,14,2,5,8,7,14,179,31,10,15,47,37,33,6,13,11,15,25,341,36,15,22,43,34,43,23,18,16,20,52,426,54,56,44,70,300,66,61,9,24,28,98,509,82,49,56,95,90,41,32,39,29,47,79,436,139,55,65,139,66,71
spending,90,122,83,100,163,169,141,139,179,153,73,94,211,332,375,465,272,270,551,191,156,93,174,174,89,175,124,157,163,138,162,88,133,107,143,263,426,534,330,220,131,169,130,90,206,254,85,148,241,164,190,235,124,124,175,113,103,113,40,231,166,182,235,152,150,164,122,117,145,321,151
repeal,18,4,83,22,35,36,18,19,51,32,37,68,388,79,119,78,52,22,42,24,42,88,63,25,34,87,230,18,69,268,326,36,58,47,10,36,39,76,126,46,493,123,296,147,181,72,91,61,132,130,189,124,46,61,75,23,48,74,51,42,166,397,141,222,64,346,99,51,71,96,56
anniversary,8,20,3,13,7,22,17,36,29,10,6,8,12,36,103,21,12,58,40,21,82,27,21,65,76,69,153,74,45,131,79,73,124,47,32,48,130,78,167,92,41,213,199,244,159,73,126,100,142,79,133,141,134,417,306,182,343,168,66,92,201,107,292,200,254,247,399,365,253,176,115
college,17,19,16,23,17,37,16,19,36,48,14,12,16,36,31,43,47,24,11,29,38,57,44,32,49,62,85,129,128,113,63,74,96,147,55,28,56,104,72,81,177,226,157,135,87,73,92,65,94,129,127,216,266,254,127,267,342,340,142,61,343,322,270,307,249,174,188,238,248,374,220
crisis,5,4,7,7,14,27,15,7,9,4,6,2,16,31,44,37,24,65,195,47,31,26,38,20,15,47,62,38,19,38,31,17,21,32,19,34,57,79,71,32,44,43,28,34,114,182,29,48,52,60,99,69,101,228,699,250,95,110,32,52,72,100,74,104,149,153,145,118,280,279,219
vets,1,12,13,18,24,24,26,22,20,21,23,12,9,26,36,38,64,50,49,50,20,48,137,30,47,49,73,70,117,103,99,68,108,54,83,41,45,69,104,141,157,131,103,99,83,300,232,58,72,114,115,127,392,408,309,227,180,179,198,79,182,206,237,188,306,204,263,171,194,182,425
deserve,5,8,11,4,10,9,3,8,11,16,7,6,7,19,12,17,34,19,16,10,13,21,34,27,23,37,38,34,53,55,66,48,59,47,42,18,67,99,106,141,165,149,145,79,97,176,83,70,161,202,179,214,469,303,282,182,167,159,85,67,113,184,280,253,184,223,366,163,223,246,199
days,24,29,28,64,67,78,90,83,116,193,27,18,16,35,51,96,65,77,104,35,32,97,32,63,167,99,88,99,108,144,140,152,175,335,171,74,128,248,87,160,128,210,123,125,143,126,75,82,95,90,278,149,165,267,315,213,276,416,230,186,158,396,193,440,277,332,255,197,255,241,155
medicare,9,8,48,8,5,32,20,19,21,30,11,4,40,15,44,209,317,233,228,44,35,71,48,102,30,53,221,102,77,48,163,305,165,393,85,76,45,75,191,82,87,64,195,59,68,65,80,99,48,131,160,161,77,43,281,93,85,174,50,29,60,53,314,142,67,144,516,96,38,201,79
supporting,6,7,20,17,8,18,17,20,25,35,18,6,11,13,22,18,42,18,30,16,19,35,43,27,41,56,62,55,77,52,81,79,61,90,54,22,50,71,108,81,109,137,159,56,114,70,141,72,90,130,176,186,354,342,238,173,226,240,147,127,130,171,219,231,292,314,354,274,247,288,230
business,31,43,59,62,72,70,106,97,138,124,29,48,63,78,116,91,123,143,134,107,126,146,146,72,80,116,156,171,176,137,258,222,235,194,140,81,105,161,174,207,248,339,261,224,217,192,227,150,211,214,231,251,378,294,265,332,412,386,195,100,176,246,186,241,498,291,264,305,207,260,322
children,7,10,12,10,21,17,10,19,33,20,13,15,16,14,48,47,38,32,29,24,24,41,46,38,37,48,85,87,81,80,73,57,43,83,41,115,78,137,111,107,148,151,156,83,161,156,90,118,141,129,118,183,264,254,460,224,198,179,121,135,169,195,232,227,377,236,348,180,241,268,235
congressman,36,28,54,28,52,71,55,61,96,103,36,17,70,78,82,69,103,57,66,63,73,94,107,74,86,107,206,122,155,126,127,155,127,211,136,75,172,215,160,193,242,194,223,218,207,180,162,127,182,242,289,285,275,256,285,294,270,298,226,154,285,340,346,310,313,292,323,319,298,294,316
friend,15,11,17,12,14,16,20,23,14,36,26,6,36,14,31,29,48,25,30,29,28,62,32,27,88,66,95,71,81,74,79,101,90,140,112,96,139,119,102,132,152,212,138,115,126,162,130,114,220,154,200,194,226,213,216,207,251,328,274,164,268,251,316,217,242,264,358,186,248,333,262
epa,8,6,5,5,15,18,3,5,10,14,6,13,20,38,89,75,53,52,65,23,87,97,38,56,19,18,51,40,38,66,19,50,19,13,22,17,8,35,53,56,72,86,117,86,94,41,72,33,74,60,78,88,191,455,343,113,178,92,111,74,56,106,244,147,256,416,190,338,199,194,139
event,50,71,78,70,49,107,69,105,94,118,17,10,34,32,65,62,81,64,36,72,88,103,96,45,102,114,130,151,168,151,141,134,171,196,97,52,98,108,133,147,174,175,169,223,175,149,168,95,146,240,295,246,264,250,246,284,349,429,166,121,174,217,238,293,335,313,249,300,321,331,260
win,31,12,25,38,27,51,34,57,29,70,43,12,8,28,18,19,39,23,31,18,32,36,27,24,53,70,84,60,85,126,80,113,102,163,109,29,52,72,136,70,76,91,66,67,81,97,97,81,107,144,208,171,164,339,174,147,204,299,316,127,161,179,221,190,180,368,327,189,256,350,303
senator,50,34,36,29,38,67,32,45,40,74,47,41,63,73,90,50,76,61,65,53,55,86,66,55,78,77,91,94,130,110,138,167,157,227,136,144,147,150,131,136,138,227,136,134,155,173,150,91,174,218,246,194,245,222,271,233,335,379,319,165,314,273,304,282,209,280,286,240,270,327,270
decision,10,19,5,12,9,28,13,7,12,13,7,24,10,21,17,23,22,35,19,19,25,27,45,38,155,121,43,13,30,387,53,34,11,31,31,35,65,52,72,70,48,256,83,88,69,40,43,37,90,103,63,153,128,293,255,49,78,91,87,90,87,121,153,85,79,572,113,105,159,150,188
met,16,29,42,47,24,29,26,27,48,25,14,4,21,61,76,47,78,99,64,47,57,64,35,26,34,66,112,104,92,90,87,68,93,101,76,32,101,158,219,194,209,178,194,128,113,82,108,100,118,189,219,209,213,226,234,206,210,174,94,103,168,287,392,350,289,315,326,228,250,272,149
video,62,83,136,106,128,130,155,115,140,228,55,41,103,151,227,227,354,272,320,118,239,276,275,234,181,277,362,224,321,279,268,148,181,191,178,125,194,287,347,258,415,354,326,146,276,321,246,227,300,292,328,288,316,249,364,174,249,262,201,162,299,341,337,252,263,309,498,240,388,306,270
celebrate,10,4,5,6,9,20,39,17,23,19,6,11,17,19,31,9,26,28,46,15,34,28,34,24,37,31,43,61,61,65,98,42,81,39,57,35,59,70,100,80,94,114,151,119,132,47,117,79,87,107,186,115,224,176,295,179,258,168,124,118,122,164,323,205,275,273,343,314,297,232,185
report,16,17,33,53,25,40,61,45,39,55,24,37,47,37,55,51,63,95,91,58,100,70,70,73,70,102,86,87,83,142,166,112,178,163,109,95,107,161,165,217,267,139,152,102,210,129,119,135,295,430,257,232,344,261,339,156,286,192,142,297,179,203,197,215,196,273,288,175,188,231,177
ensure,2,3,8,8,4,10,16,14,9,11,10,14,6,10,22,25,44,24,38,24,40,27,34,31,28,46,29,37,73,49,66,42,46,44,42,29,56,77,71,77,104,126,85,78,101,177,85,77,130,103,126,131,226,197,211,165,124,146,134,111,223,176,237,233,272,283,416,216,244,255,319
freedom,13,9,40,27,53,39,52,25,31,13,34,6,24,43,16,15,90,55,59,18,40,43,70,42,62,102,63,54,110,98,87,33,91,41,78,30,43,64,70,92,183,178,155,112,85,67,175,162,112,148,147,171,365,362,279,93,162,92,211,91,186,154,139,180,378,340,260,174,207,158,295
fund,8,6,10,9,13,22,16,12,20,23,14,8,5,18,43,68,17,13,14,12,22,28,14,22,18,29,19,51,31,19,19,26,20,27,19,18,21,22,54,48,45,39,57,35,136,410,24,30,50,27,58,51,79,78,243,49,92,79,37,75,102,446,145,89,399,177,244,97,151,202,115
fair,6,10,20,16,19,36,65,91,85,27,2,8,5,9,19,36,41,65,80,136,129,89,83,29,49,62,105,152,118,107,203,289,174,111,47,28,66,89,115,165,116,206,183,274,137,145,94,68,132,131,198,184,180,163,340,381,198,166,67,44,181,110,201,285,172,251,248,323,237,259,212
bills,9,6,17,6,5,10,13,10,11,5,14,12,15,9,39,34,71,35,89,32,94,210,194,106,103,98,61,38,68,82,107,34,76,52,13,26,80,65,61,59,84,137,179,64,63,338,80,68,289,153,157,131,205,177,459,153,264,99,71,107,306,127,138,265,175,209,164,116,143,185,121
center,16,21,24,27,34,35,42,77,47,93,35,9,22,64,75,62,72,73,38,105,82,88,81,41,79,105,81,115,136,95,137,169,131,268,170,63,102,192,125,156,175,126,129,236,130,99,146,108,186,160,205,187,227,227,204,356,239,346,174,122,134,223,223,290,288,237,209,368,243,319,233
lost,11,7,13,13,10,17,21,13,51,29,12,15,15,21,33,28,31,20,15,33,91,50,17,61,39,32,43,28,41,44,63,49,219,71,43,98,51,73,51,102,123,54,132,26,265,124,175,199,339,96,174,152,157,280,178,76,360,71,79,163,118,90,84,192,151,137,229,121,405,154,143
city,21,31,33,32,39,39,32,34,24,90,19,15,30,44,73,39,62,45,53,90,57,50,56,37,76,72,94,58,114,94,108,155,94,176,71,36,107,154,155,188,156,135,159,191,135,88,147,107,146,182,209,235,193,180,257,277,243,340,148,130,170,231,241,278,326,280,268,293,206,275,253
kids,7,9,8,13,9,11,10,17,16,11,14,20,27,19,45,23,31,41,19,19,17,46,33,49,17,53,59,71,81,63,59,76,55,86,29,76,61,83,86,75,108,115,139,111,106,113,95,126,139,127,151,188,203,281,304,177,179,241,121,164,137,221,282,215,232,204,348,266,249,258,186
strong,7,14,28,22,29,36,25,21,38,51,26,13,10,12,30,14,48,24,38,22,32,39,36,52,45,61,90,66,105,75,56,74,85,174,91,22,79,106,100,97,107,146,115,78,115,110,85,90,129,124,181,151,231,157,220,170,240,305,183,121,241,202,309,227,292,252,264,204,255,313,259
businesses,8,16,35,15,28,35,57,49,89,56,19,16,34,45,89,62,72,83,70,55,73,119,95,59,52,62,121,135,114,126,175,121,78,129,105,55,76,103,87,144,156,207,352,152,129,112,169,95,134,202,130,149,265,219,216,224,214,209,198,98,192,204,179,256,349,364,262,190,163,233,341
ready,22,17,48,39,28,36,50,59,43,55,30,18,38,30,32,25,30,37,41,29,44,44,26,47,72,61,69,52,104,78,84,124,150,211,155,76,93,112,94,106,118,134,166,116,222,187,91,85,145,125,160,168,179,203,232,170,244,399,284,110,268,182,184,214,159,241,219,231,253,325,234
clean,7,9,5,18,14,19,14,17,20,28,7,11,13,7,36,47,45,24,38,37,29,38,26,24,34,37,54,39,38,56,55,51,34,70,23,13,15,37,41,56,46,51,43,28,117,351,25,27,39,61,60,91,68,110,81,37,70,81,50,38,121,598,236,94,125,101,101,166,122,190,120
speech,36,21,33,27,33,55,37,22,24,22,19,13,93,56,67,108,133,71,72,28,233,77,49,43,112,59,71,48,63,84,71,152,201,31,51,44,105,206,93,104,174,213,192,113,166,97,91,58,244,179,121,100,135,126,123,69,243,66,111,82,388,155,428,163,182,200,187,99,346,106,127
opportunity,19,18,12,11,17,16,12,18,17,17,19,12,28,24,32,15,26,32,32,22,17,44,59,34,48,40,53,61,63,57,54,58,58,74,50,36,75,112,116,113,118,96,113,123,79,81,89,71,240,146,156,200,203,191,256,160,198,166,156,91,341,191,234,218,272,207,235,190,237,253,204
award,5,15,16,29,24,10,11,6,29,52,9,10,8,25,39,36,59,51,22,12,36,68,50,23,23,56,82,111,96,59,49,53,152,94,63,27,45,102,147,176,155,128,137,96,97,80,127,61,74,139,227,219,270,146,102,103,259,286,96,83,90,188,212,328,280,257,251,124,177,206,214
colleagues,4,9,14,6,9,5,11,3,7,8,16,11,30,24,35,30,30,55,46,12,43,58,33,47,41,55,42,40,54,60,56,26,52,18,69,77,112,128,112,118,136,166,179,59,168,214,76,73,142,119,177,144,155,147,167,68,92,67,111,95,337,296,278,238,177,245,257,106,256,252,149
fighting,4,1,24,11,10,20,18,17,43,20,11,14,13,20,19,29,39,30,18,30,26,43,28,46,45,54,70,63,93,79,71,51,76,96,37,25,52,66,128,54,86,136,141,75,114,83,85,75,132,136,142,204,154,260,232,122,200,221,146,101,238,207,234,292,208,237,280,217,196,265,223
love,9,6,17,19,15,22,12,20,18,30,28,20,19,19,25,22,26,22,27,17,25,30,23,29,62,80,61,34,64,53,69,70,63,92,72,37,56,81,90,88,115,141,80,70,61,85,92,78,111,144,115,146,164,152,182,107,155,199,190,116,152,217,174,255,239,367,273,261,288,233,228
republicans,36,44,53,35,39,32,40,51,104,64,64,43,72,58,77,89,100,64,145,44,53,91,58,99,69,73,80,77,84,93,157,101,90,68,77,88,47,112,122,76,122,113,178,77,274,388,73,74,190,145,129,222,167,219,312,109,137,141,242,102,254,316,238,136,157,244,222,179,258,343,189
court,13,13,18,33,32,55,22,14,9,11,9,21,12,18,9,17,21,19,7,46,25,28,71,34,43,41,167,52,61,373,61,71,17,52,22,19,73,62,89,36,51,233,74,67,59,50,92,58,116,51,98,87,98,236,222,53,90,111,69,56,115,111,143,122,178,503,95,74,114,136,116
water,3,15,15,14,9,13,15,7,12,21,3,4,11,23,33,31,23,44,33,22,38,41,27,24,24,95,62,44,34,62,61,65,30,87,82,19,20,59,52,86,79,53,101,74,96,119,75,38,247,197,196,127,206,165,208,247,159,140,72,105,118,209,141,259,295,224,299,206,161,263,153
justice,2,4,8,13,5,6,15,15,3,14,4,10,8,11,7,9,75,17,12,6,19,24,19,6,31,19,55,26,41,50,39,15,46,29,16,28,38,46,72,84,106,92,116,108,51,38,83,72,94,92,95,108,134,120,164,78,106,74,73,124,184,120,191,307,232,315,313,175,254,278,200
spoke,19,30,32,27,37,38,25,22,37,45,22,18,38,42,65,57,66,69,103,42,75,74,87,63,52,99,95,74,93,89,77,89,81,69,71,56,90,166,151,155,199,189,180,105,190,235,181,90,158,156,190,189,218,200,208,130,208,175,126,117,221,252,276,251,256,308,291,135,275,278,215
speak,21,22,40,32,36,31,26,41,28,30,12,11,40,52,52,38,65,55,59,35,57,96,54,34,69,101,99,98,101,81,80,110,119,98,44,54,91,126,155,142,180,169,162,128,150,149,145,74,181,183,201,197,240,191,213,154,203,249,108,90,199,225,278,257,243,232,263,231,325,260,217
safety,7,14,9,8,17,17,15,17,14,19,22,23,19,21,49,27,44,44,39,42,21,31,29,43,18,34,40,52,65,58,66,37,34,67,36,35,81,95,112,163,109,75,80,60,71,108,69,85,123,107,112,131,122,128,179,80,114,152,71,66,133,298,241,232,256,316,232,114,229,330,267
class,7,7,6,22,16,11,9,9,21,17,37,34,13,27,37,37,30,32,22,19,49,96,37,195,69,110,80,83,109,127,168,133,149,242,123,217,87,109,136,85,115,110,142,61,77,69,90,57,171,104,146,186,219,156,263,155,153,217,131,90,389,228,252,206,270,184,128,132,139,204,128
cuts,10,15,19,8,22,22,58,35,82,43,39,91,55,182,183,255,122,137,251,89,56,109,102,86,47,71,92,62,100,91,203,139,99,133,112,279,109,458,357,173,106,159,126,76,192,105,111,135,129,146,129,227,71,36,71,36,33,68,16,47,41,79,170,116,60,121,112,38,63,121,33
govt,7,13,30,23,16,31,30,18,21,23,11,9,33,41,101,124,35,63,69,44,79,92,64,34,40,47,49,50,69,57,69,40,48,43,27,31,56,116,90,71,109,98,101,66,354,613,59,72,112,95,120,88,83,64,149,53,63,118,46,72,85,93,90,83,82,85,92,76,125,106,65
policy,12,9,15,17,25,24,32,18,28,22,15,22,25,25,52,36,67,43,51,29,57,55,46,51,61,91,112,89,85,110,87,69,100,143,61,44,63,131,108,124,131,156,150,85,111,111,109,91,106,156,165,150,155,148,223,169,199,169,160,207,252,223,263,228,208,244,273,172,213,339,290
hard,7,17,28,24,24,58,35,46,54,146,54,13,19,31,27,33,36,39,37,27,45,49,28,32,42,53,64,81,90,107,87,115,127,136,130,38,61,83,88,119,136,112,104,93,125,119,80,92,156,150,178,222,201,267,273,204,222,260,307,162,190,184,177,233,206,231,261,187,218,233,175
middle,2,7,16,18,14,11,9,16,23,13,15,35,8,26,41,39,39,49,25,27,35,41,36,179,55,67,78,100,96,115,157,142,184,261,120,215,83,106,141,92,97,100,152,50,77,70,66,55,129,116,139,181,119,162,260,154,160,200,92,65,375,229,256,207,192,164,174,123,206,202,143
thx,2,3,5,19,6,9,6,7,13,15,14,9,12,22,32,33,49,40,20,22,30,43,54,29,40,60,104,57,68,65,72,89,89,119,68,31,62,82,166,126,152,128,168,117,142,106,130,88,125,163,212,210,242,200,194,185,215,179,112,105,152,192,209,193,215,243,318,170,177,259,132
rates,4,4,2,2,5,5,5,11,17,8,3,14,1,3,5,11,8,13,7,10,16,22,30,13,12,32,23,165,165,130,47,22,20,34,56,47,15,15,27,53,156,511,387,76,48,28,37,12,35,32,38,38,44,82,67,71,56,78,49,11,47,19,44,36,60,37,32,56,36,93,52
story,10,20,24,23,24,25,27,23,44,43,23,18,38,33,67,44,72,68,60,47,62,85,66,39,77,79,83,76,85,71,113,92,78,87,76,73,68,109,131,135,249,180,146,120,140,184,303,179,193,186,178,204,223,211,293,139,182,174,116,127,162,154,196,210,206,272,275,163,218,237,239
parade,3,4,35,25,50,88,166,63,73,55,13,10,5,3,23,1,31,42,62,44,49,44,44,32,15,7,62,37,129,139,288,84,145,115,69,20,26,12,70,31,95,63,211,67,62,39,69,61,20,29,124,41,163,209,452,199,216,169,96,49,20,22,119,27,122,131,244,75,116,77,127
economic,12,21,22,29,33,46,74,45,66,43,16,22,34,40,49,45,99,126,103,88,101,96,83,60,102,96,103,113,81,128,103,117,127,137,84,44,100,181,157,165,171,130,252,133,163,126,108,116,237,210,227,237,242,183,225,182,211,211,95,127,271,220,224,228,231,273,300,231,228,273,193
district,37,77,75,64,65,93,101,136,104,156,82,30,92,73,81,68,135,95,75,92,119,86,83,73,100,190,206,157,178,137,152,147,137,193,174,73,213,187,166,200,214,187,197,218,186,158,157,131,196,222,259,281,296,305,303,244,263,363,300,133,235,248,295,260,231,219,260,259,220,230,206
month,7,7,14,11,18,23,10,22,53,37,6,12,6,22,28,14,27,20,16,22,57,52,42,64,46,70,68,75,115,58,44,55,130,165,55,21,36,94,107,123,169,113,83,54,149,119,154,52,93,127,203,128,284,131,121,101,202,323,141,113,99,186,178,151,215,235,158,144,222,311,200
war,6,1,12,6,13,24,19,10,13,17,17,11,10,40,45,30,50,54,28,11,19,57,51,62,32,33,61,48,95,62,69,54,116,53,48,35,48,49,100,57,93,209,135,80,234,114,75,48,149,56,94,98,169,255,167,107,261,129,145,104,105,168,164,175,222,228,198,230,244,163,319
info,9,11,21,25,24,28,24,28,39,42,14,8,20,29,41,46,59,51,54,76,59,87,48,39,46,73,89,84,98,110,101,121,108,209,113,51,76,136,157,171,220,191,180,150,187,189,148,113,204,201,233,211,198,175,192,155,200,243,128,87,164,226,193,245,194,229,217,218,235,241,208
rally,21,20,50,39,34,26,35,51,58,246,67,5,8,13,26,17,20,14,18,15,15,15,15,10,30,21,51,40,40,48,49,98,130,384,208,12,21,33,27,77,35,80,48,27,39,101,33,11,43,34,33,67,87,51,84,67,130,406,246,19,47,39,38,77,32,36,94,81,182,121,96
usa,10,7,2,6,13,69,10,9,13,3,11,7,10,20,25,18,52,20,37,32,20,24,18,15,31,23,24,28,31,30,130,79,41,24,22,20,19,27,34,50,34,36,60,27,42,55,42,32,42,172,58,45,119,434,284,52,48,38,46,45,33,50,42,54,111,189,389,63,59,54,51
efforts,16,9,19,9,18,19,8,20,24,18,18,15,29,28,54,32,55,41,37,34,31,52,51,43,46,53,78,72,74,62,79,54,56,86,95,49,57,85,116,151,161,151,163,103,124,116,132,86,140,153,156,169,231,226,174,149,162,171,123,133,184,218,193,225,245,240,257,190,216,256,236
friends,42,52,73,107,72,120,116,192,114,163,107,29,35,38,35,33,67,43,50,33,63,54,74,76,68,119,137,155,155,136,203,151,204,292,209,95,90,71,143,113,125,136,156,102,165,103,172,111,136,113,206,247,211,187,232,222,282,356,277,235,149,187,202,211,193,190,237,164,283,209,242
bank,8,4,7,17,14,13,16,28,17,29,7,8,3,6,3,8,7,10,7,12,14,22,25,12,17,20,52,24,75,23,40,29,28,37,32,21,12,12,12,40,31,20,26,32,9,28,28,20,25,21,44,45,38,123,113,86,103,96,36,31,30,52,54,77,127,566,207,72,132,200,71
4th,8,11,20,17,8,15,127,7,13,12,8,6,10,8,11,13,14,30,101,8,11,12,13,14,43,46,37,19,35,33,254,29,20,49,24,11,46,67,31,33,61,58,318,43,35,30,20,33,34,56,83,33,45,77,439,52,76,173,62,28,41,36,36,57,70,64,292,36,89,38,33
photo,1,3,11,12,26,18,77,29,45,63,20,11,21,22,54,18,52,46,33,43,65,48,49,25,57,102,156,100,96,101,103,104,111,148,196,65,119,112,139,154,203,218,232,208,123,101,135,95,188,187,239,243,317,206,266,123,185,127,137,106,120,110,103,105,103,126,313,115,128,126,82
constitution,6,6,18,8,6,15,6,8,96,6,6,12,87,16,9,7,18,26,40,8,93,16,52,19,38,30,26,31,23,34,14,15,173,16,4,20,104,32,45,27,39,80,37,47,277,27,41,35,91,86,114,48,43,81,123,44,341,29,97,56,191,95,95,69,113,255,156,188,339,74,76
union,75,15,17,8,22,14,16,37,18,31,3,9,122,19,29,14,12,20,15,8,25,28,23,20,246,32,33,47,49,47,39,34,49,34,35,26,32,280,36,25,38,40,64,50,67,16,23,23,354,83,74,63,59,52,60,62,76,66,32,40,449,46,78,89,42,65,55,43,97,78,55
share,4,16,22,20,17,22,28,38,35,52,19,12,22,18,25,25,51,34,41,21,73,72,68,55,66,59,72,103,110,95,103,103,121,146,88,72,79,110,111,136,283,185,204,121,161,149,256,120,195,210,184,178,236,219,214,147,152,185,94,100,151,191,198,203,140,186,218,153,207,206,222
unemployment,17,15,20,13,14,38,112,32,36,34,27,41,10,45,16,27,27,92,114,46,52,52,113,160,111,117,23,28,52,109,79,94,116,139,74,45,32,59,37,25,49,41,62,32,35,18,32,189,567,122,172,123,131,80,111,35,40,51,41,24,55,39,33,17,25,34,40,11,33,35,35
system,4,7,20,13,12,12,27,10,13,13,9,6,10,13,22,20,48,28,16,16,32,33,41,13,36,37,54,60,42,76,54,27,42,39,20,20,53,68,83,114,98,153,151,70,88,134,105,69,108,88,136,107,203,179,211,113,104,105,250,114,155,157,178,203,183,246,289,189,156,217,195
1st,7,13,36,24,24,28,32,19,23,51,11,10,32,33,46,37,49,44,41,26,64,72,46,40,64,77,67,77,86,102,100,69,118,67,48,43,107,169,132,137,152,171,174,97,119,100,114,83,165,181,160,151,218,206,180,161,210,188,117,213,255,233,204,244,191,222,232,175,211,217,162
competition,4,3,3,10,12,12,9,2,7,5,1,6,7,8,22,41,64,24,8,8,5,5,7,7,6,26,46,84,78,43,18,19,10,11,7,7,8,28,115,220,144,105,39,14,26,7,28,14,33,96,157,283,204,125,53,28,23,30,14,16,35,104,211,351,227,136,71,35,36,22,24
pleased,8,4,5,4,5,13,11,8,18,23,7,13,21,15,26,24,34,37,29,33,30,51,40,38,59,93,64,64,72,84,81,59,52,62,44,46,117,125,114,89,151,130,150,84,101,101,84,83,161,135,156,139,201,177,249,123,157,156,145,200,231,247,204,177,201,247,231,114,185,188,147
power,11,8,18,15,12,16,12,10,21,21,13,14,18,21,39,27,14,40,33,59,30,46,46,37,48,44,56,43,55,84,83,59,59,178,121,45,41,82,54,72,166,128,101,88,90,64,84,60,130,195,141,105,111,226,169,90,164,87,137,109,169,155,183,162,194,238,207,275,215,264,228
step,6,4,12,12,18,13,16,19,17,10,17,15,35,30,42,32,18,19,35,41,33,40,25,26,47,49,37,35,72,80,51,58,31,26,32,42,86,74,71,68,100,173,114,87,77,62,98,106,165,126,106,106,177,293,207,125,114,116,151,151,155,149,130,169,195,239,312,183,193,175,181
visiting,15,12,18,19,25,11,20,30,21,42,11,6,16,17,30,25,32,51,19,68,31,60,38,27,36,53,73,72,68,65,74,114,65,118,61,17,76,108,140,156,133,129,120,178,87,87,106,68,87,112,162,201,163,134,144,233,133,236,97,61,104,214,254,243,206,173,240,256,190,162,136
political,19,20,25,19,18,20,18,23,28,33,14,17,25,24,28,32,19,26,43,19,25,16,42,43,70,77,54,63,54,61,73,34,50,73,30,30,46,50,70,91,261,114,94,44,93,142,63,63,84,160,177,127,131,90,171,77,109,118,79,60,186,332,106,125,116,121,157,173,205,346,210
create,14,21,32,25,25,31,39,41,43,40,18,28,38,61,90,99,139,139,136,103,199,203,123,88,132,80,187,106,86,144,137,89,99,132,56,39,54,138,130,139,163,141,160,83,94,84,103,63,239,150,174,194,262,256,324,199,234,137,133,90,242,202,175,174,240,211,196,184,140,214,162
healthcare,69,32,264,28,18,37,34,13,29,37,8,13,80,43,60,24,26,27,33,22,21,24,25,16,20,41,189,73,63,225,171,58,53,91,37,35,41,46,116,65,139,114,167,167,187,200,170,111,178,92,250,156,107,146,250,125,137,148,84,87,99,149,166,104,106,258,149,136,186,145,197
signed,15,16,42,14,21,22,33,18,33,16,4,7,12,11,28,26,14,22,21,14,32,32,47,25,43,36,54,56,68,42,74,66,67,43,34,50,60,69,100,43,68,148,98,122,99,147,126,64,127,155,270,231,106,174,329,141,161,103,45,124,99,208,182,103,90,183,242,139,141,181,146
bad,11,6,14,14,18,9,15,11,20,13,12,14,14,17,35,23,12,36,35,28,18,50,75,20,24,45,45,29,19,69,86,43,44,46,16,49,25,53,56,69,102,87,128,62,78,108,86,54,103,116,71,78,81,77,123,60,48,62,81,59,108,94,160,179,118,203,372,248,322,211,162
celebrating,2,3,8,9,13,11,24,10,19,14,9,2,2,8,20,12,16,20,21,13,26,27,25,26,26,33,39,46,39,45,53,43,78,39,36,40,45,56,115,53,67,91,102,71,117,40,100,56,53,63,125,129,140,131,141,78,208,142,76,146,95,131,203,214,226,229,265,163,281,177,151
introduced,5,7,12,18,16,17,26,3,10,6,7,8,22,24,43,28,58,60,56,17,48,41,50,55,26,47,58,44,33,45,54,27,44,22,24,16,75,90,173,127,161,136,146,73,89,98,106,80,113,114,137,114,146,127,184,66,123,36,54,48,229,238,248,220,185,214,320,61,110,139,112
pres,25,16,20,16,18,17,11,6,20,10,10,7,37,36,29,44,38,72,56,37,73,66,28,28,125,77,91,53,78,85,95,67,122,198,55,48,111,215,132,163,122,124,182,114,137,156,155,68,222,194,182,91,108,218,260,123,186,166,237,112,236,267,168,136,99,139,129,138,131,152,145
listen,40,48,60,60,51,54,40,54,70,94,42,32,82,47,85,104,104,86,129,113,92,84,121,83,119,101,118,109,87,126,83,90,65,113,81,59,152,172,183,161,238,204,186,161,261,239,155,123,212,169,146,176,193,195,225,172,203,187,156,124,269,226,244,191,162,240,296,172,272,275,234
cut,11,14,18,16,56,49,36,32,76,85,27,61,104,160,200,229,97,144,453,66,55,68,61,304,65,169,89,133,88,63,115,92,68,128,32,114,101,205,207,121,88,107,174,95,183,174,73,74,149,148,135,175,110,142,135,79,77,98,48,48,96,133,162,130,102,148,161,116,108,173,93
excited,13,16,25,16,24,22,23,22,21,28,12,8,28,17,22,12,14,15,16,24,30,29,34,22,61,62,66,68,56,73,73,106,87,105,73,28,107,98,96,80,132,117,111,123,76,81,88,79,118,128,137,162,165,157,156,147,161,237,164,118,307,203,178,189,168,179,211,174,242,201,129
benefits,2,10,26,11,7,25,56,13,16,18,25,22,16,17,42,28,43,36,37,12,24,47,60,91,23,62,57,44,64,45,55,62,37,45,30,34,32,79,75,89,96,83,131,109,128,289,109,212,386,166,170,118,131,174,150,94,88,98,42,74,96,111,126,124,122,186,190,158,125,176,156
top,18,16,21,27,37,35,31,22,28,29,23,22,27,21,39,28,46,32,38,52,38,58,28,42,65,58,53,74,75,73,90,87,50,71,43,61,76,89,86,98,136,124,129,106,86,75,95,108,150,206,124,158,276,199,202,119,149,181,135,98,167,168,165,229,252,201,216,204,178,232,221
hours,9,13,39,15,36,53,22,24,39,47,67,8,13,27,22,35,44,36,31,29,35,32,22,29,35,38,44,36,44,66,50,79,64,72,140,24,56,92,119,110,117,135,157,137,175,137,104,61,151,150,210,225,123,168,213,175,169,189,233,90,206,165,170,195,182,192,208,140,156,214,169
republican,53,59,75,63,70,68,62,70,100,109,65,23,84,79,53,114,59,82,81,42,64,68,52,41,65,97,142,70,80,80,76,165,94,132,108,37,47,66,163,47,80,101,95,85,110,159,64,62,170,121,146,163,114,163,108,122,118,211,193,91,230,149,211,166,158,195,186,343,313,354,230
millions,5,4,10,6,1,12,17,5,10,9,7,3,9,8,13,11,12,13,12,5,13,22,28,21,13,23,31,12,15,50,69,29,30,37,16,20,37,51,36,53,59,74,90,51,104,213,140,106,156,105,104,200,144,106,164,90,74,89,97,116,142,144,207,122,85,295,199,179,167,163,191
serve,5,4,6,5,12,8,9,8,8,11,42,25,47,23,13,10,43,19,21,24,37,42,44,29,36,20,24,30,60,56,35,23,65,34,122,74,190,76,52,61,108,98,78,63,63,91,123,83,93,87,77,117,199,106,128,79,128,118,249,138,301,136,155,145,277,128,171,96,180,140,229
history,6,17,33,10,14,15,40,23,28,39,20,16,16,45,23,21,28,23,32,11,41,40,43,36,56,115,113,44,72,96,59,59,48,63,82,70,70,94,124,75,86,141,94,69,91,58,91,68,88,155,211,92,126,147,173,87,122,183,132,108,143,235,232,208,165,263,235,208,235,215,157
discussion,12,21,21,13,18,16,22,20,16,25,4,4,23,27,41,32,36,38,30,49,35,48,33,22,62,62,66,59,67,42,55,71,61,83,39,38,68,110,127,126,116,103,104,151,125,90,105,74,126,138,170,185,165,116,142,198,196,229,77,80,118,163,191,206,199,211,183,262,228,206,143
game,10,15,16,23,6,23,6,20,28,45,13,19,18,18,43,19,21,23,76,27,31,53,52,42,42,35,51,27,39,69,48,55,83,127,84,41,43,48,91,67,66,196,39,74,124,123,149,96,108,98,132,116,85,259,145,91,151,187,129,106,163,133,142,122,109,311,146,95,192,300,213
conservative,34,33,45,52,72,78,39,47,53,60,23,7,9,18,16,7,19,14,17,12,17,10,30,10,30,42,66,54,76,54,50,43,16,36,23,16,22,66,39,35,270,85,44,34,57,53,39,55,100,176,128,194,108,137,139,83,159,191,67,51,77,53,68,49,102,93,106,135,128,346,325
annual,11,11,12,21,21,21,27,24,25,31,12,19,24,20,30,24,53,30,29,56,41,45,42,26,49,54,70,83,103,63,81,71,117,83,63,45,57,74,115,131,121,128,95,107,159,56,89,72,108,117,176,148,206,160,142,191,242,196,121,121,161,147,193,248,242,193,157,174,217,206,166
hosting,10,21,39,24,22,39,16,36,17,33,2,6,15,16,52,41,37,51,28,85,45,73,66,18,67,70,71,88,74,56,57,98,80,114,29,22,58,95,96,135,104,129,112,161,122,79,130,71,114,133,198,141,121,143,164,260,198,216,72,59,82,121,173,217,192,178,169,279,209,218,178
troops,6,4,9,16,26,21,21,27,26,12,22,23,12,9,16,98,101,62,42,31,18,68,62,87,16,19,24,17,97,35,39,26,74,39,99,35,22,41,35,17,101,76,51,13,104,57,47,114,58,36,34,40,136,111,70,44,75,66,100,89,27,78,40,44,142,273,107,46,84,476,170
defense,4,11,11,6,26,12,5,13,28,18,6,9,8,22,32,23,84,36,50,17,26,73,63,75,72,64,43,27,157,51,118,57,54,84,30,50,64,155,57,74,81,172,132,38,42,50,51,84,46,64,105,55,157,116,79,52,63,63,63,116,77,128,209,130,252,287,107,89,104,362,187
weekend,8,21,29,41,52,62,120,59,52,64,18,12,36,28,26,39,71,36,58,49,47,43,45,33,49,55,84,112,134,84,92,90,111,113,79,27,55,49,78,76,149,80,136,95,146,108,103,53,61,86,154,174,244,193,278,188,230,202,110,66,114,106,168,151,249,178,279,149,201,203,155
democrats,27,39,69,27,33,57,51,35,80,80,49,17,19,25,60,45,54,76,106,23,30,67,56,39,62,50,74,53,66,64,98,85,95,53,70,50,59,108,121,69,43,89,138,42,75,280,94,48,72,106,135,106,142,114,254,108,138,184,155,84,130,213,172,75,152,281,153,221,267,259,188
rule,4,2,15,3,5,6,6,1,6,9,7,16,13,12,15,5,8,13,15,3,39,45,28,17,21,50,26,126,30,90,16,27,15,10,6,11,15,12,33,35,44,55,47,26,42,42,72,56,70,99,74,111,124,162,180,57,106,62,78,85,107,148,228,145,267,227,160,161,134,198,198
luck,3,4,5,3,6,21,8,8,10,6,20,5,4,1,18,15,18,21,7,19,17,14,11,15,24,31,65,34,40,57,137,67,39,51,54,31,43,31,98,59,59,52,42,69,53,52,58,89,75,235,208,134,135,265,135,134,120,101,140,86,104,54,254,170,168,203,133,131,134,119,113
letter,11,18,27,17,27,29,22,23,29,48,20,10,17,31,39,53,55,47,57,19,53,51,60,53,34,63,70,38,85,57,56,39,38,72,51,61,75,84,112,126,160,127,154,143,95,165,99,85,98,137,132,133,172,162,178,96,137,220,95,67,105,181,352,138,165,166,189,124,155,224,195
special,19,21,50,37,38,32,26,35,36,45,18,16,31,13,32,15,54,23,22,45,24,52,66,32,48,71,68,59,80,75,75,72,65,111,75,22,32,75,91,59,169,132,110,91,149,165,126,96,109,137,130,186,213,204,171,135,152,150,132,135,126,208,203,154,244,188,163,138,226,166,206
climate,3,8,10,17,7,7,9,6,4,4,3,7,5,3,10,12,2,5,8,9,9,3,3,4,7,12,5,7,5,8,10,12,19,28,21,16,26,63,26,85,58,140,62,36,58,40,53,24,73,78,141,84,230,149,97,55,146,64,115,58,142,100,137,162,125,192,122,174,188,163,229
gas,2,8,5,7,6,8,6,1,3,9,5,6,15,22,121,134,399,64,40,16,18,19,27,25,30,145,279,189,77,50,29,43,57,128,65,13,20,77,34,28,55,69,80,41,38,12,49,22,54,39,99,49,40,137,107,32,52,58,27,33,134,45,39,30,35,47,59,59,41,60,45
discussing,20,26,35,25,25,24,19,15,35,13,20,17,38,28,48,44,43,37,72,57,53,72,65,55,56,69,65,55,56,81,55,64,71,50,44,84,118,133,145,134,152,115,118,126,154,126,124,104,147,125,162,172,149,153,187,161,151,173,106,83,193,205,212,195,180,193,218,199,201,215,182
helping,10,15,13,14,9,16,30,26,27,34,11,3,11,11,24,22,43,33,30,27,34,40,43,27,45,44,76,72,60,73,77,60,82,92,68,25,38,129,92,73,139,71,94,69,77,113,92,80,146,109,123,159,161,149,154,159,193,212,140,104,141,141,164,151,175,195,198,175,171,250,190
posted,47,55,62,66,104,80,93,129,126,134,50,22,27,36,65,46,72,69,46,58,89,97,120,63,70,83,102,136,159,113,123,119,174,172,123,33,53,70,93,101,112,68,92,138,83,52,74,31,102,97,149,122,202,97,55,41,57,60,28,35,23,37,25,54,47,38,40,29,30,476,21
conference,19,25,32,29,22,36,28,21,29,36,30,8,22,18,50,48,64,70,76,35,69,70,70,53,59,84,94,133,73,99,62,67,60,61,77,73,57,111,118,136,131,189,154,90,113,257,147,72,123,115,144,105,190,154,166,74,113,131,96,63,158,153,200,222,177,168,225,128,167,269,218
taxes,25,25,83,82,28,31,71,45,116,68,29,67,12,36,45,131,59,68,167,44,100,63,83,84,59,71,70,161,48,84,261,208,100,176,93,165,100,201,215,288,85,63,47,56,43,48,22,51,78,58,95,232,51,27,118,63,99,64,24,25,162,147,148,242,61,94,60,97,36,60,47
bring,14,7,25,22,12,29,29,38,32,38,21,16,22,22,38,33,52,42,34,24,38,59,52,38,38,70,64,58,81,75,107,50,93,87,86,65,64,100,106,92,96,114,98,66,81,163,90,103,132,147,112,165,167,149,170,136,140,189,150,114,220,204,163,169,200,195,240,153,203,205,174
start,18,31,41,20,28,30,31,37,24,29,24,47,33,34,61,39,38,31,35,32,40,51,40,37,57,72,62,54,64,40,65,76,75,111,42,36,87,109,136,101,99,109,113,102,117,165,85,79,168,152,170,147,122,115,156,140,186,183,109,134,248,129,161,170,263,171,210,152,199,230,133
receive,9,14,18,16,14,18,22,21,37,43,10,7,8,17,38,19,39,43,29,21,50,41,31,33,33,64,73,63,83,94,71,77,98,140,51,28,60,95,83,89,104,91,128,94,89,109,89,62,81,122,154,173,217,169,172,152,204,252,70,84,74,135,149,217,156,130,195,138,176,157,194
manufacturing,6,3,6,8,8,8,14,12,24,18,6,6,20,16,33,15,46,28,25,20,25,24,17,20,79,53,28,38,49,34,52,32,35,95,17,12,24,88,46,100,51,88,70,46,53,58,52,56,72,84,66,76,69,90,89,97,147,384,85,59,66,63,114,138,163,110,131,120,94,293,62
critical,3,4,16,6,7,15,15,15,11,9,9,7,8,17,21,12,24,32,22,17,25,29,22,18,25,49,44,56,53,60,51,34,39,51,32,27,46,75,63,68,69,95,90,55,76,108,65,61,96,92,156,108,126,118,151,112,115,106,66,86,106,169,197,167,221,205,244,134,168,215,150
website,100,113,71,63,81,87,69,56,64,51,16,20,33,38,44,41,50,35,56,38,54,54,41,41,50,59,54,57,57,55,58,48,56,64,33,26,40,48,62,73,59,75,64,52,68,488,276,146,108,92,82,91,79,57,101,72,89,97,38,23,60,55,69,52,46,91,52,62,58,50,49
op-ed,12,13,35,39,24,33,18,25,39,34,26,24,44,53,79,62,84,74,74,44,67,66,50,54,62,105,93,55,66,75,65,48,55,41,30,51,64,121,109,154,142,191,177,112,144,114,132,105,119,144,165,120,120,143,226,108,132,131,105,77,152,185,206,196,178,207,255,174,221,175,154
seniors,3,3,7,10,8,26,25,42,20,37,10,19,24,22,38,132,84,59,114,35,30,64,45,61,23,67,171,73,70,62,85,131,81,188,40,43,33,71,126,91,105,47,112,82,87,58,64,65,52,145,232,187,78,88,199,193,70,189,64,35,63,71,250,133,124,162,199,136,64,186,125
leader,6,6,25,19,7,25,15,23,14,118,81,5,19,11,30,23,33,23,28,16,33,28,23,29,36,30,52,31,44,29,42,46,48,80,66,53,42,51,53,84,54,65,82,49,59,91,79,120,107,99,128,135,126,244,147,91,126,147,166,90,173,131,202,137,147,130,155,126,250,220,130
police,10,2,5,7,12,6,10,16,15,14,3,5,9,9,15,9,16,9,13,13,19,18,27,12,17,17,25,13,30,32,39,32,38,30,13,15,26,44,39,54,90,24,55,30,42,251,21,15,45,52,48,64,109,58,84,143,87,77,60,127,118,60,131,132,305,145,139,148,146,148,167
reid,13,7,6,3,3,2,7,10,5,132,20,20,16,16,42,40,22,20,103,17,25,51,12,14,23,25,11,11,17,18,11,11,4,4,6,22,22,16,20,8,23,31,71,23,101,195,43,54,66,55,39,53,60,54,105,43,88,194,203,137,174,111,179,282,87,119,161,74,82,110,69
facebook,76,78,84,135,108,132,147,176,178,196,80,26,122,84,128,103,178,137,112,85,154,159,191,101,117,134,189,293,291,187,201,170,238,234,146,46,127,128,140,141,203,167,244,168,113,78,98,68,131,133,183,173,237,145,184,84,78,95,43,50,59,76,42,74,82,64,110,63,60,76,53
united,6,8,13,10,13,12,11,8,17,16,27,4,17,8,17,13,28,19,21,20,33,37,60,18,68,40,47,44,46,88,64,40,76,52,73,29,45,38,47,60,70,103,64,44,137,78,61,29,59,53,71,82,82,94,160,57,275,106,113,66,162,110,142,125,119,163,184,117,258,172,221
improve,4,5,9,8,10,6,13,17,5,6,6,12,10,7,27,14,33,14,23,23,31,28,13,17,18,29,37,35,37,49,53,28,38,37,17,26,33,67,60,73,79,57,94,40,56,55,66,53,81,94,78,93,134,156,159,85,106,77,81,88,133,213,213,159,214,165,198,140,151,189,153
white,19,33,25,14,15,33,27,13,26,16,17,11,11,20,29,35,29,69,83,19,60,48,44,26,37,44,48,48,36,67,57,56,45,48,44,42,49,101,185,106,125,91,115,69,94,189,104,74,97,120,130,173,170,134,149,89,131,192,124,116,128,187,123,157,113,164,228,152,238,169,134
issue,3,10,15,8,6,14,13,11,13,24,14,9,10,13,45,29,29,36,33,15,31,24,33,30,60,50,41,51,68,50,32,35,71,103,34,35,56,107,64,87,103,131,98,69,88,66,69,67,124,94,115,122,148,125,170,85,144,135,100,93,182,162,157,182,187,183,199,147,218,190,157
john,12,8,40,16,25,42,22,30,34,77,28,18,46,26,32,36,37,37,40,22,22,74,130,41,77,101,237,109,111,87,89,102,101,164,94,42,73,58,105,61,83,108,88,64,87,96,118,62,62,142,127,123,128,143,173,136,184,159,125,68,147,187,170,180,143,139,198,223,247,166,165
coverage,12,13,34,23,25,44,31,75,40,67,14,13,23,12,34,17,23,22,14,23,20,18,20,24,28,41,78,31,32,71,59,26,15,44,12,13,18,41,43,47,59,53,93,81,141,148,223,221,172,79,216,115,70,66,184,68,83,66,121,198,110,197,230,49,70,128,69,41,63,64,98
labor,8,4,6,11,5,13,5,16,66,7,2,4,5,19,21,9,12,14,14,16,90,31,17,24,29,38,41,82,43,37,36,42,193,43,20,14,28,30,45,72,44,54,90,67,211,18,23,10,125,71,46,39,59,39,42,113,280,64,42,25,38,70,60,55,46,84,41,57,340,62,56
hold,8,9,9,18,21,14,22,12,22,6,7,11,15,18,39,23,33,27,25,29,33,36,38,18,21,31,38,41,31,100,59,38,42,35,43,41,48,71,67,81,145,108,101,68,91,109,66,57,90,78,109,162,246,126,162,83,165,79,64,65,126,199,126,189,153,175,200,134,149,164,133
ohio,2,8,8,19,23,14,27,34,41,46,22,19,54,45,53,40,43,37,26,34,39,42,51,26,49,65,99,52,48,69,91,93,96,147,78,14,36,50,65,59,52,91,55,63,64,28,53,50,41,51,128,59,69,81,131,120,84,88,54,69,102,75,89,103,120,180,192,332,221,249,193
texas,9,14,15,10,10,26,24,30,26,36,21,18,25,34,31,38,42,49,42,28,63,62,42,18,37,51,74,92,56,37,38,51,38,50,51,36,39,88,107,135,149,98,149,91,95,85,95,67,106,131,167,126,147,146,238,114,143,203,120,84,133,178,148,137,154,193,181,184,149,175,151
politics,17,31,36,25,49,54,45,24,53,35,10,15,25,32,33,44,44,35,56,24,59,44,45,55,82,67,65,49,53,82,71,45,51,95,44,38,58,89,67,99,88,86,124,48,80,120,68,42,82,109,96,140,97,81,133,56,158,103,76,41,173,299,199,103,121,121,147,112,263,278,159
food,4,9,9,15,8,15,26,25,28,31,45,23,17,22,34,21,20,48,18,21,29,53,58,33,24,48,52,58,80,62,93,78,69,78,116,75,28,84,100,113,116,205,166,117,190,105,148,118,117,98,109,134,125,101,135,126,158,198,117,151,54,124,123,159,159,139,244,136,104,158,193
provide,8,5,11,6,4,11,9,8,20,8,6,5,9,16,18,23,30,28,19,32,29,36,31,32,24,30,33,27,50,35,47,51,39,44,38,28,39,63,57,60,121,98,85,70,72,112,70,62,105,99,112,99,157,161,158,139,132,120,81,89,148,171,139,134,166,166,218,152,162,186,182
calling,10,14,13,10,19,23,18,14,24,31,11,8,14,15,17,24,25,29,34,28,27,30,41,29,24,45,56,40,48,50,43,39,28,48,48,43,48,62,56,53,84,75,75,78,94,119,62,56,98,107,97,104,147,120,144,86,129,136,95,59,105,150,132,146,141,182,269,105,173,263,170
dems,29,38,121,50,25,60,66,68,101,71,47,38,21,27,84,78,92,77,147,38,35,71,48,44,66,59,80,71,84,44,126,74,81,67,70,52,64,116,82,46,68,140,143,33,105,248,92,54,106,88,128,104,110,130,380,148,209,148,106,51,141,197,136,53,67,128,103,106,147,189,119
chairman,9,11,20,13,18,39,9,8,22,14,16,28,41,31,56,38,39,39,34,11,38,28,31,26,33,59,33,37,29,45,58,33,25,18,70,37,83,75,87,103,120,97,170,76,136,124,99,65,96,93,130,130,125,130,142,53,122,65,154,96,254,211,181,160,175,137,163,67,112,153,156
standing,3,3,12,11,11,9,3,10,16,16,12,4,11,15,17,15,19,19,12,13,12,29,25,11,30,175,43,21,36,32,34,49,49,63,23,19,33,37,108,49,64,75,128,35,75,103,59,32,92,79,92,83,122,135,176,67,106,114,75,53,140,89,154,182,116,134,223,110,203,175,133
fiscal,14,28,13,31,20,27,30,13,21,30,22,15,30,51,40,84,41,47,104,37,32,17,37,16,37,46,36,24,44,36,53,75,63,73,209,397,246,113,77,32,27,40,32,20,31,100,15,31,33,28,33,53,65,42,32,11,26,32,8,27,24,50,62,33,42,41,35,17,35,55,42
agenda,6,4,23,12,8,19,30,26,45,57,20,5,19,23,20,27,46,17,20,32,21,26,8,14,31,28,27,12,39,20,18,41,30,47,22,9,36,45,16,24,19,33,109,29,31,25,40,44,113,57,66,65,45,118,245,343,128,155,92,47,164,82,61,45,61,44,133,96,79,139,82
force,4,10,21,15,8,18,16,10,8,12,3,13,9,19,13,27,15,19,42,19,24,37,26,14,16,44,36,38,60,36,59,30,75,50,27,50,77,80,57,93,96,87,72,97,220,73,69,44,136,105,112,93,130,95,88,53,141,116,68,75,100,179,184,161,160,148,146,87,178,200,170
harry,30,30,14,11,16,18,13,16,10,44,8,3,1,2,9,11,4,7,20,5,7,15,4,4,4,9,3,7,12,11,10,11,11,4,2,7,10,13,7,3,16,11,44,11,60,110,24,32,39,39,25,34,47,33,84,31,70,173,177,121,161,94,184,293,78,80,117,67,69,106,62
oil,2,6,5,12,168,177,88,21,7,12,4,6,18,32,81,95,222,94,42,23,22,23,37,23,55,80,187,80,57,53,49,32,22,50,27,17,11,45,44,46,58,59,45,40,19,13,34,31,56,40,57,71,38,68,95,71,57,53,75,33,168,89,98,153,101,107,129,107,182,250,69
grant,3,5,7,12,15,13,16,8,15,17,2,4,11,17,17,11,32,31,20,38,48,35,23,24,31,32,22,27,49,75,102,58,59,34,18,24,36,40,25,50,61,47,95,77,111,43,35,34,44,40,55,98,70,83,104,132,294,201,78,76,53,72,74,88,108,94,137,159,221,163,73
transportation,7,7,10,5,11,9,9,6,8,11,2,4,13,22,21,17,18,17,31,15,22,12,34,19,31,96,98,43,37,118,52,27,17,32,17,22,33,34,44,61,55,65,46,37,44,34,33,20,44,53,66,63,102,89,143,46,62,76,26,36,95,130,94,162,230,208,232,107,78,108,193
services,6,7,10,22,22,10,24,10,29,13,8,13,25,31,55,40,56,41,34,30,19,47,30,11,26,61,82,55,60,48,61,87,40,62,33,48,71,120,124,87,86,84,102,82,75,158,53,76,55,66,91,98,119,109,126,117,124,129,72,66,123,150,146,149,144,130,189,174,276,168,122
trust,4,5,6,7,6,9,10,9,9,7,13,4,6,3,7,3,6,11,10,4,5,10,14,11,8,19,9,19,12,8,15,22,19,40,20,4,20,13,21,17,79,77,54,27,30,32,29,17,32,30,35,54,66,84,212,50,50,85,52,34,53,43,67,80,355,78,170,60,97,84,37
administration,7,13,9,14,18,31,40,12,15,8,8,8,13,23,29,30,38,44,43,21,24,46,34,21,54,67,45,50,44,44,39,29,51,67,29,14,38,53,64,81,194,92,149,70,118,178,102,116,148,143,162,152,105,147,123,77,100,113,75,57,81,138,160,98,100,130,208,122,113,119,162
programs,4,19,10,7,9,4,5,6,8,15,3,6,13,20,52,36,29,28,48,20,25,28,40,16,21,45,47,50,62,28,52,38,29,45,18,23,31,100,160,90,66,119,137,70,88,104,58,49,115,79,88,135,119,80,156,58,89,80,36,67,77,147,166,131,166,168,205,79,136,159,166
internet,1,2,8,3,6,5,9,8,3,4,6,16,8,14,23,22,6,5,5,4,10,12,18,22,93,4,6,10,14,10,10,14,20,11,11,25,15,28,19,53,63,30,13,32,24,7,13,8,27,31,72,105,119,55,157,38,75,38,128,60,102,355,126,43,40,123,57,20,35,44,26
afternoon,22,31,29,45,33,30,41,39,49,63,18,14,26,38,36,37,44,44,41,41,47,73,44,17,55,64,82,78,68,73,83,82,94,115,72,31,80,97,102,151,112,136,97,128,107,106,78,66,79,110,145,129,172,145,150,173,170,259,110,73,108,129,167,190,150,136,145,197,129,150,138
response,29,9,17,14,43,37,37,18,18,27,7,2,59,6,23,22,17,20,21,16,28,18,26,16,61,27,31,18,23,42,39,28,27,76,40,31,37,128,42,50,78,40,54,41,86,44,37,20,339,64,85,43,74,50,101,63,104,198,78,40,232,95,79,71,69,85,106,77,77,77,69
paul,13,21,24,22,29,25,11,25,20,22,15,4,28,10,21,59,33,22,19,10,19,22,12,16,22,29,52,44,38,30,59,241,65,128,53,23,30,48,116,46,40,48,38,20,55,40,38,49,44,46,66,93,48,52,114,55,49,73,38,27,50,47,65,170,144,105,97,95,125,312,139
costs,4,18,52,37,12,25,12,15,21,17,9,5,43,23,58,41,40,37,33,24,24,36,23,22,18,42,138,45,44,108,79,40,33,47,23,24,42,60,140,96,126,162,154,116,110,116,118,129,126,162,186,127,83,151,155,104,153,155,82,69,86,95,153,82,63,188,124,74,72,122,97
happening,1,2,4,2,5,8,5,6,3,4,2,5,4,8,14,7,14,9,17,15,10,15,16,14,10,15,26,18,19,30,28,19,26,24,9,19,26,43,45,54,66,81,73,46,67,78,45,39,68,69,98,76,104,101,139,64,129,80,81,66,102,129,167,174,130,134,194,95,148,177,120
farm,8,3,7,17,10,13,8,26,24,18,5,1,11,11,21,11,19,14,18,52,33,33,36,49,35,35,48,82,56,78,125,95,100,104,25,34,34,53,45,45,157,221,250,124,84,116,65,54,171,160,78,60,78,54,49,144,119,136,37,46,33,71,86,95,52,59,75,131,74,70,53
update,8,16,40,7,31,23,19,30,22,28,24,10,12,20,25,30,33,32,33,29,28,34,25,34,36,32,30,48,45,57,32,51,31,76,29,56,54,51,69,106,103,105,97,90,102,125,69,67,95,135,144,124,148,187,116,148,114,101,62,63,74,166,120,114,142,138,156,163,141,210,146
raise,7,16,22,18,14,18,18,15,45,24,5,23,12,10,25,38,43,49,110,25,43,36,69,31,22,25,38,38,21,43,83,64,35,84,31,49,54,92,78,45,63,64,55,27,73,118,43,50,120,217,94,167,105,96,117,60,112,180,75,29,95,108,90,137,129,218,147,95,113,186,120
victory,42,17,13,10,19,37,32,58,49,94,99,18,9,14,11,12,27,14,13,18,17,17,15,19,25,34,44,26,53,134,73,99,86,132,163,18,41,39,40,28,28,94,23,14,34,27,63,42,70,46,71,81,101,198,84,112,94,136,233,58,42,68,102,44,116,231,121,56,76,83,115
innovation,2,1,3,2,3,6,5,4,5,5,2,5,13,18,18,14,12,24,8,12,46,36,29,12,37,31,28,28,58,58,38,26,42,26,29,31,24,90,47,59,48,58,62,67,40,34,136,60,81,67,111,105,118,79,155,113,119,116,46,44,70,121,104,137,174,126,204,158,96,146,154
attack,4,6,5,6,2,7,8,8,35,17,8,8,35,10,11,10,18,16,19,11,15,18,18,43,11,54,26,29,31,18,42,26,120,142,66,60,34,27,14,68,123,34,19,51,120,34,24,48,65,49,48,58,108,61,64,57,77,68,120,98,240,85,107,88,70,104,163,106,120,140,218
increase,16,37,23,30,8,16,39,14,34,21,6,25,18,22,21,30,102,62,91,38,40,49,50,55,44,47,76,65,59,97,79,45,44,65,30,85,77,79,126,70,113,114,111,59,155,112,70,77,130,209,114,112,143,169,149,93,129,124,85,68,138,128,175,132,124,203,146,80,99,192,128
plans,8,10,15,11,9,18,8,13,10,19,9,1,19,8,22,23,56,34,39,18,25,34,52,14,19,32,42,21,32,39,36,44,26,38,22,10,31,56,43,49,60,67,77,67,64,170,286,127,108,61,150,93,72,50,87,84,125,107,120,74,154,162,100,65,71,94,75,69,111,95,121
ban,2,7,14,9,8,11,8,8,7,9,31,12,4,8,12,9,8,12,12,7,4,9,14,30,13,40,14,21,24,30,17,10,4,12,9,49,123,52,44,37,26,44,24,23,15,15,17,36,32,47,40,37,57,69,104,41,46,218,20,48,71,54,232,89,128,128,145,69,141,188,89
fed,15,10,12,9,26,41,19,19,21,20,17,12,13,48,55,36,42,38,49,39,37,51,53,27,33,65,42,59,64,78,107,56,73,43,28,33,52,124,96,89,99,91,105,60,65,144,77,74,141,111,107,121,96,121,198,102,117,139,53,72,126,181,122,138,121,128,192,147,175,180,135
impact,3,8,8,5,7,12,14,4,7,7,9,3,14,15,33,21,20,34,32,27,31,46,27,28,23,40,50,31,46,40,65,38,46,48,39,30,30,158,158,91,125,99,115,103,94,142,111,97,87,167,127,106,120,117,106,79,120,84,43,58,92,148,145,123,111,158,144,118,104,128,77
beautiful,9,16,19,21,22,21,15,27,24,40,13,3,2,7,9,6,14,17,8,38,23,23,27,8,12,21,46,44,43,57,38,54,71,64,32,20,28,31,34,79,83,61,60,77,65,36,50,51,60,61,75,125,149,120,170,167,163,165,95,45,64,53,66,133,164,122,155,150,160,127,83
medical,5,7,12,12,6,11,12,10,17,11,6,4,12,17,27,17,24,19,15,23,28,32,19,14,11,36,28,28,72,107,29,22,23,45,22,48,19,99,84,43,74,83,61,84,89,55,46,51,47,83,71,68,118,101,116,134,82,111,50,67,119,132,137,138,98,253,195,113,101,108,73
growth,15,17,20,16,17,17,17,19,17,23,17,9,21,40,41,38,85,123,88,81,74,64,55,42,62,81,56,87,79,93,83,63,94,94,66,32,72,153,110,88,100,141,144,99,99,92,74,73,143,165,152,158,182,112,170,124,151,144,75,70,175,123,179,142,127,166,135,131,102,115,104
money,14,34,45,33,15,29,29,47,65,67,27,21,13,28,46,35,32,49,81,28,55,48,63,47,42,66,56,69,65,73,85,53,64,83,32,36,64,68,84,99,96,86,86,45,45,85,46,50,100,88,89,181,94,109,194,95,139,113,88,60,134,98,117,164,104,160,248,151,164,220,127
hill,7,13,27,16,20,22,20,18,34,37,26,14,29,7,68,42,36,23,40,16,30,42,24,25,34,48,67,67,66,79,50,23,42,31,39,26,36,93,97,95,94,95,103,57,78,132,44,43,47,94,95,103,130,110,109,54,104,63,68,66,101,139,175,173,174,187,219,65,132,161,112
calls,19,23,48,42,51,41,52,82,87,132,55,13,16,23,46,40,30,28,69,21,30,33,32,31,56,71,51,38,58,69,77,98,67,113,131,26,28,103,73,74,82,97,98,56,101,129,48,41,76,75,110,92,132,137,174,104,144,239,178,69,89,116,118,155,103,116,221,108,160,138,134
balanced,4,3,2,3,14,10,7,9,9,10,5,1,23,15,49,48,29,75,287,64,63,35,217,39,15,22,13,9,14,10,11,14,32,36,41,51,41,162,176,48,12,15,11,8,13,18,4,14,9,8,16,34,10,9,21,11,8,11,4,30,21,52,92,43,40,28,14,3,12,22,10
breaking,2,6,11,10,5,16,9,6,6,11,8,11,9,10,13,7,20,12,35,9,12,24,13,13,14,44,27,22,28,43,26,21,44,52,22,22,35,45,29,36,78,85,76,39,67,76,61,58,74,84,89,89,88,153,157,70,98,118,112,72,104,120,84,88,137,167,179,87,111,191,139
protecting,3,5,5,4,5,10,15,7,8,13,5,1,12,12,17,14,19,33,40,17,23,22,33,31,32,41,33,37,45,39,53,42,53,47,30,40,60,89,65,75,87,83,101,46,45,65,61,53,75,65,108,80,106,95,123,72,117,88,45,67,112,116,113,147,161,176,175,153,159,171,115
boehner,1,7,16,6,2,13,8,3,9,10,52,14,59,36,34,29,26,24,142,11,17,9,9,36,10,13,3,8,13,17,15,8,6,10,17,59,25,11,15,10,13,24,23,11,65,153,47,19,33,30,26,48,35,27,59,40,23,16,36,18,136,45,25,3,21,15,182,149,265,145,33
lead,12,12,16,12,14,17,19,24,28,24,29,18,16,36,32,24,29,33,29,17,11,23,23,15,38,38,46,32,57,49,42,35,63,84,50,37,40,71,68,63,59,89,100,39,75,76,68,39,82,89,107,109,127,110,126,71,98,121,135,77,125,110,119,100,133,141,193,161,158,197,157
mayor,5,8,15,8,9,14,22,23,18,35,10,6,16,15,20,10,21,8,18,33,29,19,35,24,55,38,46,28,47,34,52,71,64,73,86,52,92,114,130,103,102,70,84,94,65,67,113,46,141,119,129,102,149,99,114,167,116,172,89,57,165,127,120,130,155,98,81,120,107,86,92
interview,65,44,67,62,53,80,50,58,53,69,31,37,101,67,87,98,101,99,122,74,73,66,102,89,87,82,76,82,89,103,91,100,53,101,66,80,154,128,143,122,174,140,157,122,198,217,100,73,133,136,144,144,152,139,188,124,139,136,135,110,171,190,212,163,130,150,204,162,215,179,190
air,18,17,25,18,19,22,20,16,17,29,12,21,13,27,44,36,22,36,35,37,36,60,49,32,35,68,57,67,65,83,79,63,99,81,46,35,47,82,94,193,132,78,87,99,96,73,58,72,63,77,85,130,135,104,111,90,169,167,91,86,95,132,135,157,121,147,147,121,192,153,108
schools,4,8,11,8,7,5,8,7,15,18,8,3,9,28,33,22,26,26,21,18,67,39,19,17,26,38,44,29,53,27,25,43,53,68,30,55,48,93,79,67,79,79,63,41,69,55,48,43,89,100,81,129,178,59,70,77,135,121,42,59,66,152,122,155,134,114,190,92,157,157,106
ceremony,1,5,6,9,7,11,10,9,29,18,15,12,33,10,7,21,63,23,9,19,45,32,52,24,24,17,22,33,76,52,43,31,61,45,55,21,70,39,37,74,124,44,69,63,78,27,125,50,27,44,55,61,165,136,62,65,126,68,101,58,100,97,86,117,263,112,86,104,132,94,153
employees,2,6,14,5,7,10,7,13,20,20,4,1,7,23,21,11,19,21,12,46,18,21,21,14,25,51,34,32,34,38,32,34,41,59,20,24,28,67,44,77,108,74,112,140,102,180,75,41,91,114,67,114,125,132,145,118,113,151,34,56,74,139,91,135,98,98,120,121,69,90,100
prevent,1,2,8,7,8,11,9,7,11,4,5,11,7,17,29,27,10,19,44,14,17,22,19,34,14,36,26,68,61,61,41,22,40,23,26,51,70,80,74,62,102,179,87,34,137,115,56,35,43,56,37,67,60,88,95,53,113,92,39,85,89,117,108,107,96,115,179,86,184,167,109
continues,9,19,17,11,14,19,16,22,23,34,9,6,7,21,27,16,27,22,32,37,24,40,23,18,49,39,48,43,52,41,41,48,31,51,25,35,36,48,57,60,60,100,92,67,79,106,70,72,97,109,95,122,102,133,161,105,97,116,71,57,106,99,103,118,117,160,143,141,170,156,174
forum,40,34,50,63,17,55,62,39,39,65,3,12,12,12,87,21,28,36,6,46,53,32,62,13,76,53,81,77,100,35,41,89,74,148,18,19,56,72,89,63,76,46,54,122,103,38,71,22,54,83,77,80,87,92,86,107,148,250,30,26,57,75,95,147,121,73,92,195,140,139,166
west,9,9,14,18,20,19,21,29,23,40,15,16,7,20,23,24,31,15,23,22,29,29,24,32,27,40,51,66,34,71,34,72,63,102,57,14,32,52,45,179,82,112,82,74,60,67,76,40,83,77,123,125,111,116,125,129,116,200,103,42,106,147,138,123,119,120,107,118,128,91,109
left,12,23,23,37,23,44,40,41,60,84,43,3,16,20,24,12,34,25,21,29,29,28,33,41,39,38,48,45,58,70,46,81,85,170,117,28,30,37,47,50,50,114,82,49,79,53,56,69,100,64,170,100,96,122,134,84,107,146,130,85,86,224,95,109,101,132,154,112,124,113,152
park,3,8,8,17,15,25,32,24,37,36,9,4,7,13,12,23,27,25,18,23,37,42,49,13,13,23,33,61,60,94,76,75,79,98,85,24,26,45,43,100,138,87,104,77,67,109,48,34,43,49,67,132,111,120,147,170,122,134,66,95,53,81,66,149,115,131,123,142,151,122,104
historic,4,3,28,5,8,11,7,5,5,7,5,3,15,18,3,20,9,7,22,10,15,12,14,16,11,11,32,6,22,37,21,25,14,11,23,10,40,27,48,29,27,90,34,42,26,22,51,22,26,33,43,31,40,59,73,40,50,57,73,72,63,53,131,91,67,165,167,144,268,95,49
press,31,42,39,36,38,42,36,38,61,70,19,19,31,28,64,62,73,64,96,26,71,59,73,39,52,80,97,118,64,89,54,47,46,63,74,72,71,96,132,121,164,158,114,85,114,104,50,59,88,108,103,93,120,120,167,87,102,87,78,92,144,145,141,165,143,212,202,89,154,186,140
forget,6,15,19,17,28,20,24,30,55,111,38,8,21,14,29,20,45,23,21,24,63,28,41,25,37,33,41,35,64,62,58,54,136,93,67,28,32,36,55,83,86,52,57,58,151,52,81,59,68,49,90,113,165,144,145,113,186,112,161,81,79,76,89,115,128,80,100,69,184,102,145
secretary,14,13,11,13,18,15,16,14,4,10,3,2,12,41,70,15,19,27,18,15,20,29,32,11,10,55,45,22,23,35,28,26,22,24,25,37,100,83,58,102,100,72,87,34,53,119,47,92,24,50,86,119,221,60,133,40,87,57,68,46,47,158,118,59,65,91,152,110,77,178,48
holding,10,12,13,16,11,5,11,23,13,19,4,5,18,28,31,26,35,42,52,42,33,42,42,15,23,30,33,44,49,42,56,51,29,30,23,31,54,78,82,70,108,76,102,88,102,72,65,39,86,80,116,110,108,166,146,95,120,99,54,45,76,216,91,122,114,119,135,107,129,146,109
foreign,7,6,7,6,3,9,10,9,6,21,8,5,8,19,55,17,56,27,30,14,7,36,29,20,20,24,38,35,37,28,24,26,57,86,19,29,66,46,45,58,53,30,66,25,102,16,44,32,40,48,90,60,57,106,85,68,107,78,43,53,132,123,129,148,133,113,178,107,132,182,145
fire,3,9,18,21,15,16,18,29,36,44,11,8,11,21,28,21,20,42,19,14,37,27,13,20,34,35,28,44,58,77,46,44,40,81,34,17,35,51,36,60,98,77,156,75,57,31,40,74,117,56,69,85,166,133,144,126,135,116,46,26,45,91,74,138,93,101,166,166,104,142,86
saturday,21,30,41,39,45,54,41,76,62,88,9,6,23,18,47,18,31,35,26,33,29,43,69,24,57,50,66,82,78,75,81,97,125,100,83,22,32,62,75,89,70,77,46,53,91,67,145,31,61,63,144,109,114,122,131,106,147,179,161,67,46,58,76,101,82,128,87,96,122,236,180
named,3,4,10,4,7,6,10,8,15,16,11,26,16,6,14,6,13,25,10,14,13,31,15,23,26,17,30,45,46,31,40,20,59,44,32,54,74,62,50,58,73,62,61,51,51,26,81,71,71,85,89,106,121,108,105,80,156,128,80,101,175,90,105,147,131,117,106,71,142,133,115
resolution,26,4,17,4,22,20,11,6,7,3,7,12,34,40,36,22,18,29,18,1,14,18,15,16,18,17,30,15,10,32,15,6,27,4,19,16,15,39,85,39,49,29,22,28,167,77,48,47,43,42,74,62,123,165,127,79,100,13,21,51,65,97,160,138,92,102,103,29,140,131,120
academy,3,2,5,2,5,3,1,3,13,15,10,6,5,9,16,10,31,22,3,6,28,12,20,6,12,25,39,43,44,29,11,15,46,26,23,10,24,32,45,84,65,42,20,49,104,71,51,32,44,84,135,137,83,61,32,64,119,120,49,36,63,94,118,163,136,109,44,84,159,170,72
policies,9,9,5,7,8,19,20,19,38,30,10,5,10,5,33,25,39,63,49,27,51,34,19,13,75,87,70,49,62,68,55,69,113,131,32,13,37,63,53,63,60,53,46,49,53,55,98,40,148,86,86,96,68,179,108,67,86,223,89,72,181,116,92,99,85,88,105,83,90,130,108
voice,5,13,42,15,24,24,14,29,14,20,28,2,6,7,19,13,16,12,17,14,14,22,19,12,21,24,41,34,31,38,40,20,35,67,81,9,34,54,44,80,45,85,54,57,52,40,39,42,62,50,87,78,109,95,128,65,105,143,140,58,120,93,87,114,98,133,193,83,133,107,183
south,8,7,19,14,16,22,19,17,32,33,17,15,17,20,28,35,34,21,28,40,38,76,23,21,61,36,55,67,30,51,39,60,65,83,71,33,55,76,62,75,100,68,63,65,57,73,54,153,84,67,71,81,91,81,93,117,97,132,82,54,75,83,131,126,135,206,171,161,116,178,119
urge,4,6,3,4,7,7,6,1,4,5,5,7,3,5,17,12,15,20,18,10,15,21,22,20,18,16,27,10,32,22,36,19,11,13,12,34,25,50,30,27,32,49,65,19,50,60,49,29,62,79,71,74,89,58,83,42,57,61,57,50,127,209,95,113,82,113,128,121,149,169,119
control,39,58,35,36,29,40,41,42,36,26,7,9,20,27,30,31,21,30,124,99,19,19,35,22,27,60,41,26,24,30,55,44,19,50,23,62,148,120,65,195,102,54,73,44,58,63,48,32,56,55,105,70,66,88,257,67,77,80,51,45,73,89,82,74,95,132,154,87,75,141,107
record,18,30,12,16,32,41,45,25,52,85,16,10,14,15,25,26,30,25,31,25,29,34,19,21,38,72,51,53,65,52,72,101,101,190,60,22,37,57,62,69,77,84,64,40,55,55,46,62,100,84,85,108,122,80,111,92,147,222,76,68,134,107,115,109,89,137,158,109,120,118,101
social,7,17,10,10,13,19,9,51,29,72,8,11,15,20,39,30,32,43,103,28,34,71,23,30,29,29,29,64,67,38,39,110,54,101,39,48,42,63,78,83,55,52,64,99,56,47,38,55,91,49,58,75,89,72,118,159,101,155,59,51,74,105,119,99,86,65,189,190,89,206,103
cost,7,10,67,26,23,15,15,28,17,19,6,11,18,32,61,33,32,35,50,38,36,48,23,28,20,44,91,30,40,58,127,52,55,45,22,36,23,76,102,51,120,135,120,88,127,131,94,69,101,178,80,107,95,112,146,111,93,126,43,77,105,80,101,92,102,182,123,74,131,123,90
north,12,32,19,28,23,15,23,22,25,21,16,8,9,18,21,17,19,19,9,34,23,35,25,37,23,31,48,60,58,47,53,61,60,88,45,22,47,78,70,93,86,81,65,85,58,68,80,65,76,70,109,100,117,89,97,98,109,207,120,87,92,118,100,151,145,125,105,164,116,140,126
grateful,5,6,10,15,27,22,10,18,18,18,18,5,8,3,4,11,17,11,15,5,12,14,37,19,15,14,24,14,51,31,17,33,31,32,84,15,26,24,26,47,65,35,40,41,43,71,100,35,65,47,71,81,153,103,72,61,78,89,167,45,81,62,88,105,166,115,112,103,142,123,162
party,44,56,49,141,76,97,79,88,77,79,90,23,20,21,30,39,18,21,65,49,42,45,45,100,51,79,73,82,106,90,82,145,157,195,94,50,38,49,61,51,123,125,81,78,133,195,73,108,103,91,128,101,121,147,114,122,117,160,144,149,160,108,102,75,106,117,110,148,150,180,140
race,29,36,30,30,32,36,36,75,72,85,37,6,2,11,10,9,26,9,10,15,14,29,14,33,28,45,55,46,73,49,59,52,59,133,73,7,12,35,45,36,52,74,83,49,22,46,44,20,42,89,59,69,116,96,87,82,131,186,136,20,35,29,40,76,83,119,118,135,122,226,93
majority,9,11,17,11,14,58,37,26,34,15,46,13,34,12,15,25,27,12,36,17,20,19,17,86,19,19,25,25,17,28,39,25,31,36,31,34,27,38,42,44,43,74,82,36,64,108,53,39,59,57,62,58,74,159,92,40,110,133,207,73,191,96,66,52,69,111,78,57,138,167,104
season,5,4,5,6,3,4,2,8,14,10,15,34,4,1,16,7,10,14,4,8,13,15,33,77,20,12,27,34,32,23,10,32,38,39,55,85,39,19,42,50,43,32,21,46,37,50,87,189,47,35,101,80,39,51,30,52,78,69,93,229,52,65,92,134,87,86,34,79,120,80,142
wonderful,16,20,17,25,26,15,18,19,15,24,10,11,4,9,10,14,24,10,9,19,23,26,38,26,39,46,35,55,83,40,42,61,58,50,51,31,50,42,54,48,86,50,117,66,51,47,83,69,59,74,104,103,118,120,136,133,138,153,121,95,73,86,113,117,130,136,144,114,121,104,141
passing,2,8,12,11,11,18,8,4,3,5,7,8,5,11,25,18,15,16,32,6,20,29,15,31,29,29,50,13,20,25,44,40,29,46,21,59,64,80,60,68,63,118,90,27,41,131,37,103,95,67,59,76,115,129,117,76,57,49,61,93,133,156,107,124,156,109,103,111,87,79,127
caucus,18,52,50,26,12,15,7,11,23,6,22,12,19,27,27,20,26,30,21,4,36,26,20,32,45,88,67,52,61,53,36,19,46,15,53,39,63,119,88,72,87,90,110,22,55,76,49,27,67,114,104,73,92,64,122,40,74,52,52,44,192,128,160,146,97,137,121,44,113,171,97
process,4,4,20,5,14,9,11,2,13,4,11,18,10,25,22,18,29,25,22,14,23,26,17,53,31,41,25,25,43,28,34,18,19,29,25,18,29,32,60,50,53,57,48,33,61,56,34,36,55,57,77,81,57,46,119,34,46,34,56,47,149,91,83,132,98,143,132,64,111,182,221
youth,3,6,1,3,5,8,3,7,6,7,2,3,3,7,16,4,10,18,27,10,11,25,14,12,17,28,28,51,57,41,45,33,40,43,23,19,37,42,48,58,78,61,51,68,33,29,25,22,34,75,85,95,125,82,112,78,81,149,38,38,72,64,103,157,119,137,140,93,99,164,103
quality,4,3,6,2,11,5,4,5,9,4,1,3,2,7,8,6,6,22,11,12,25,14,10,11,3,8,25,25,21,43,30,20,17,26,19,9,6,18,33,32,44,30,66,31,44,39,48,46,48,44,87,58,110,77,67,132,67,73,57,67,104,134,167,102,83,125,150,96,79,112,148
folks,15,32,46,35,23,34,34,49,25,37,19,9,16,15,42,39,51,48,48,51,53,53,23,35,39,45,68,68,61,60,85,77,75,118,62,31,55,65,86,96,117,66,86,118,95,96,88,50,122,87,127,135,119,119,127,150,138,223,120,41,61,99,129,140,124,120,123,129,137,116,79
industry,4,15,9,8,10,19,6,13,18,5,7,7,10,14,18,11,32,30,23,17,23,25,22,11,32,47,40,36,56,38,47,53,54,49,33,26,40,59,76,47,86,72,85,63,57,46,49,42,72,109,129,87,105,97,104,89,98,106,31,45,88,102,125,161,147,121,140,120,109,167,88
grow,2,5,7,12,7,12,10,11,13,10,4,6,10,24,20,22,25,47,36,16,42,46,26,13,22,27,90,47,43,31,32,34,28,53,29,20,37,69,63,48,53,53,78,44,52,42,50,32,91,73,68,127,99,102,99,81,93,101,50,31,211,126,91,118,169,107,91,124,100,111,86
close,7,4,12,8,18,28,17,26,10,17,42,4,4,7,13,19,18,18,21,15,9,19,24,30,12,29,40,46,59,50,37,59,35,46,119,29,16,39,73,75,53,69,51,36,40,53,35,54,51,43,70,98,63,94,110,61,80,93,212,55,82,84,86,103,82,128,130,80,94,141,187
tweet,6,12,7,8,9,10,19,21,21,7,22,6,28,12,21,16,32,14,35,19,27,62,17,13,75,31,42,43,51,37,33,23,33,85,49,11,27,50,47,82,82,74,75,45,54,53,62,48,59,50,50,44,60,70,96,61,56,71,167,99,84,132,72,113,155,166,176,138,126,108,91
honoring,4,7,11,9,16,7,7,7,13,7,21,7,38,19,20,13,50,19,13,11,31,33,49,11,29,31,16,33,78,27,29,20,46,26,52,24,15,41,34,47,112,74,43,35,76,65,115,37,41,42,73,68,152,89,54,43,103,58,108,58,81,88,112,74,229,73,77,55,96,101,167
thankful,3,4,3,9,7,7,4,5,5,1,33,9,6,3,2,2,10,4,9,7,5,8,55,12,8,4,14,20,20,20,21,9,14,15,102,9,13,14,9,22,40,24,25,27,44,36,170,45,29,24,43,39,67,45,50,23,44,43,196,24,32,41,30,30,65,49,43,31,43,35,250
details,10,18,26,23,20,23,22,26,20,46,16,8,12,12,18,33,35,28,32,50,47,31,48,24,35,53,68,46,38,43,35,71,64,58,31,16,33,53,59,99,95,66,60,98,89,51,66,60,100,97,143,127,109,133,156,128,112,102,60,40,97,110,123,126,114,95,145,157,142,101,94
rules,5,7,44,11,10,23,9,9,13,8,9,36,78,33,26,20,13,30,26,32,16,44,21,35,34,44,25,24,34,33,32,25,28,27,31,30,61,45,48,47,43,65,95,64,64,67,85,67,77,92,72,65,103,152,124,49,70,42,61,88,110,151,116,106,105,193,177,83,92,114,86
leave,6,3,7,11,6,2,9,7,11,13,5,7,10,9,6,17,10,12,13,10,13,13,9,15,12,10,10,10,23,10,11,13,11,25,17,12,17,79,31,26,40,50,45,46,35,46,16,45,50,67,37,34,114,57,108,68,66,113,70,35,208,86,66,83,78,78,105,93,164,131,92
amazing,10,12,12,11,13,8,10,12,16,27,10,3,6,8,8,10,16,8,13,20,15,19,20,7,23,27,45,36,34,19,48,61,40,63,42,23,44,38,40,72,62,49,54,57,51,39,55,47,50,75,80,114,108,98,90,88,109,132,104,51,70,76,141,119,140,117,170,109,117,112,94
effort,6,8,11,6,14,14,5,10,14,6,19,13,17,23,26,16,34,21,30,20,23,41,42,33,26,38,44,40,30,43,45,27,27,23,36,23,35,52,47,61,50,67,72,54,82,68,76,38,68,88,85,95,102,86,113,58,103,83,68,76,86,99,118,118,117,190,145,67,139,154,136
stopped,4,3,11,6,14,7,15,14,14,29,15,6,3,11,11,14,17,10,18,20,13,9,14,13,14,24,34,28,31,31,26,47,45,63,55,16,34,41,54,45,58,47,52,70,53,32,48,28,63,53,80,99,52,63,104,149,102,163,126,45,71,95,113,118,114,106,107,151,114,110,95
priorities,6,4,8,3,9,8,5,7,8,4,16,11,20,16,25,16,19,14,14,5,6,6,9,7,21,25,37,19,31,14,29,22,23,23,17,13,31,53,73,45,47,35,38,19,27,34,20,24,80,44,76,63,53,47,68,47,86,56,84,74,269,114,127,105,88,77,69,23,71,110,82
farmers,2,7,9,9,7,7,12,10,11,22,7,6,4,18,26,10,10,16,18,26,32,37,16,25,14,23,32,47,31,49,106,98,59,56,22,13,30,40,73,39,79,99,109,81,64,66,38,28,55,81,126,71,58,71,103,124,113,91,42,42,55,95,156,111,133,132,116,102,70,110,92
biz,9,9,9,18,18,21,30,17,58,20,5,4,21,27,52,29,53,50,27,59,62,79,50,36,32,51,65,63,55,34,65,46,65,64,40,63,36,58,57,64,78,60,119,80,79,70,69,42,50,88,83,83,102,89,112,100,92,107,47,43,67,102,96,100,127,233,182,129,100,130,107
visited,5,4,8,10,10,20,9,25,21,17,6,3,15,18,23,19,20,36,14,26,32,26,20,10,34,24,27,36,33,35,27,59,31,50,43,10,32,48,48,67,84,50,62,100,44,63,62,32,50,93,90,84,91,78,76,143,94,159,54,44,67,103,95,140,141,95,105,172,98,100,85
training,4,3,9,6,4,9,10,7,10,7,3,6,5,11,16,5,20,17,10,14,25,21,29,11,17,33,18,28,21,41,41,25,26,42,10,7,21,57,84,39,50,47,51,52,43,31,24,22,86,62,48,86,73,65,177,89,138,117,46,52,66,74,126,97,89,96,149,101,103,117,72
release,21,22,27,31,19,15,21,14,42,31,11,21,12,19,23,20,38,45,34,8,32,30,24,25,32,44,31,54,38,37,26,36,33,33,24,47,57,59,125,72,79,53,46,43,80,59,63,44,78,71,57,43,102,181,128,57,91,120,115,144,108,109,79,100,114,155,110,86,104,132,118
constituents,9,10,35,9,8,11,15,13,16,16,8,5,47,38,30,31,43,34,32,54,37,35,24,27,39,33,43,35,36,18,41,34,22,28,32,17,82,88,77,70,63,71,100,126,178,132,112,70,87,93,111,85,83,77,109,81,67,78,54,63,97,132,108,76,75,116,110,150,134,86,86
wrong,5,9,14,8,8,5,13,11,7,16,10,9,15,13,13,19,16,21,23,17,10,12,10,18,28,36,36,23,26,41,43,45,40,53,37,13,28,36,57,46,57,66,45,37,48,73,49,37,59,51,51,74,74,85,91,72,64,103,64,59,96,125,105,112,94,133,156,119,105,182,128
progress,2,6,7,8,6,8,10,9,16,1,5,3,12,8,24,12,14,17,18,12,18,23,22,17,26,30,22,29,30,30,31,36,25,43,27,28,23,36,47,63,52,78,53,78,46,55,52,45,69,56,72,53,106,108,84,96,71,94,76,92,129,99,112,92,80,100,169,161,86,123,107
expand,3,1,5,6,5,3,4,4,11,2,2,4,8,2,12,10,42,7,11,9,15,19,9,13,14,16,31,25,10,26,36,10,22,22,10,13,18,48,26,46,45,49,32,26,30,20,50,35,63,55,72,47,75,75,118,68,122,86,35,59,98,122,123,77,102,124,114,131,87,158,80
chance,8,6,15,14,10,6,17,18,13,27,20,5,8,15,19,12,18,19,30,17,16,22,26,23,22,26,29,23,44,55,29,38,52,55,33,18,37,56,54,55,55,50,56,49,62,57,49,52,69,44,88,90,93,115,86,73,91,121,83,79,91,92,112,107,109,106,167,105,154,141,134
officials,11,10,12,9,13,9,13,8,16,18,4,6,12,12,25,23,20,21,11,28,34,20,17,19,26,28,18,31,34,39,29,42,27,56,36,22,53,51,38,96,115,67,84,63,64,56,59,30,63,66,86,81,128,95,99,114,87,109,49,49,87,106,96,88,86,112,142,139,102,143,129
global,3,6,3,3,6,2,4,3,9,4,4,4,12,6,13,11,16,14,11,10,17,13,15,50,20,28,31,25,15,23,26,23,40,33,18,15,14,29,35,51,50,24,50,30,45,29,29,39,44,48,67,64,73,76,69,60,157,73,66,64,106,92,85,96,115,176,124,99,96,122,113
bush,5,5,4,4,2,4,17,13,11,11,16,14,1,6,7,8,10,18,13,10,18,7,6,10,9,14,14,8,13,23,22,35,16,44,16,20,15,9,13,27,17,44,25,21,10,17,8,12,40,15,18,19,16,39,25,17,21,18,36,25,32,17,46,40,92,150,221,122,116,153,113
move,2,14,10,11,12,17,14,11,13,11,7,8,14,16,25,26,25,14,28,18,20,40,20,24,37,35,34,38,42,81,59,45,53,60,54,32,55,58,64,65,68,72,100,49,53,88,64,45,75,79,91,73,90,88,90,44,84,79,87,76,169,102,108,99,100,131,157,90,121,143,132
photos,40,51,50,66,78,78,45,129,137,139,41,23,41,57,74,62,101,86,67,75,99,114,116,71,73,97,98,151,170,140,142,147,196,221,142,27,78,105,99,139,129,82,116,131,58,53,73,45,49,50,76,110,133,119,131,99,104,115,66,40,71,71,87,103,101,76,141,112,93,92,76
chair,4,3,2,8,9,6,8,10,10,7,21,26,25,24,26,26,14,20,20,10,12,20,14,19,11,17,29,21,29,24,38,39,31,18,79,35,85,71,58,59,68,79,85,37,51,66,54,44,83,115,94,76,108,66,108,45,63,57,138,67,169,137,133,82,75,81,131,56,66,89,92
god,5,4,7,8,16,14,29,5,15,11,33,18,12,12,11,15,43,16,35,23,25,12,46,17,15,17,17,13,46,20,44,33,85,39,60,46,40,42,46,53,101,43,72,28,61,56,103,50,62,32,27,49,134,88,87,29,66,42,75,52,63,53,83,67,135,107,138,148,168,95,143
resources,4,4,6,10,13,15,12,6,13,6,1,8,18,15,53,31,49,37,32,33,34,35,31,19,19,33,40,47,45,61,55,30,49,72,44,19,32,55,49,70,82,81,86,28,68,51,42,23,45,61,76,96,115,110,98,73,94,85,49,52,76,106,79,112,119,131,111,101,98,175,153
solutions,10,4,15,8,6,9,19,8,16,17,6,2,15,11,21,26,47,44,65,19,34,35,20,22,44,42,40,51,57,35,27,36,47,37,30,27,42,90,59,44,57,62,80,47,65,118,60,42,115,74,83,89,75,109,146,132,142,123,64,68,149,84,86,73,79,99,98,105,66,129,73
field,5,3,4,6,11,15,12,11,22,19,2,5,8,13,15,18,16,29,9,31,29,39,23,11,11,26,43,33,26,30,48,49,54,37,18,13,15,13,27,42,56,71,54,109,66,21,44,33,29,24,90,75,73,105,85,99,92,101,47,30,46,38,63,90,116,197,119,87,120,110,89
supports,7,9,14,6,12,15,13,7,14,20,4,10,3,2,12,9,13,11,16,11,14,18,11,16,22,26,38,22,50,36,28,56,22,79,21,13,20,37,25,47,42,58,56,23,34,73,31,23,40,37,41,55,128,89,96,69,66,138,42,28,56,73,88,99,97,164,101,72,72,162,115
role,3,2,7,3,6,3,6,5,8,6,8,11,6,16,17,6,26,10,5,7,14,18,15,12,21,16,28,30,22,16,22,28,32,33,17,21,34,53,44,46,65,65,69,36,58,28,35,35,48,57,81,66,72,61,75,51,96,70,66,72,99,98,119,144,129,120,117,87,109,135,96
updates,8,12,16,19,11,16,14,14,9,13,7,6,14,22,33,22,58,25,20,37,34,25,37,20,33,28,22,50,52,52,45,32,36,87,36,19,55,65,49,56,89,69,77,42,54,34,28,39,83,75,72,98,133,93,98,70,172,194,46,35,118,89,73,82,119,92,75,62,67,110,43
discussed,9,10,21,8,16,13,8,10,13,5,4,5,12,12,20,17,19,27,26,13,20,20,15,15,19,30,35,17,27,15,24,13,14,32,26,12,41,54,64,65,59,49,64,60,48,28,48,41,49,61,81,81,77,89,103,83,99,67,47,36,89,130,145,131,96,117,130,95,97,132,87
helped,3,7,13,13,7,9,13,14,12,23,13,8,6,6,17,6,16,8,12,8,14,21,21,20,16,20,35,36,52,44,46,42,31,47,32,24,23,37,28,32,50,40,42,31,39,34,56,42,53,52,74,83,86,105,106,99,111,102,81,90,90,71,107,91,106,129,152,108,122,116,82
stopping,3,2,7,4,5,9,7,15,19,13,9,5,3,7,13,9,11,8,10,11,11,17,8,15,13,18,28,25,14,31,32,27,28,22,29,9,27,55,68,55,52,72,60,35,54,30,28,16,31,56,110,75,63,63,70,65,85,67,50,23,81,126,135,143,118,107,122,81,109,113,79
introduce,6,8,13,7,5,8,7,3,6,7,1,5,12,14,31,11,18,25,16,5,11,27,18,15,15,28,18,16,23,17,19,6,16,14,8,12,41,41,90,74,64,68,58,29,27,38,41,24,28,40,60,47,62,64,108,22,53,25,21,18,134,130,146,134,111,122,134,42,66,75,61
